ecommerce_id,Order ID,order_status_id,customer_id
3,77455,3,4241029
2,53482,3,1301585
5,82942,3,7084418
3,53262,4,7003080
5,13412,3,1852627
2,10576,5,2251932
5,76493,3,6161397
2,20924,1,5116747
4,61354,3,5466464
4,71836,5,9981368
1,12456,5,1830100
2,89836,4,1909696
5,89326,2,1079913
2,96286,1,4954235
3,45186,2,1775323
2,51992,2,7812138
4,95736,3,9172768
1,81995,2,6534041
4,35747,3,5129619
2,18507,5,5652850
1,82261,4,5071102
4,99422,3,8789751
3,51949,3,7785794
3,82959,3,3911946
4,55492,2,3405955
3,59783,3,1141482
4,48063,4,5946437
2,97615,5,7031109
1,66280,3,6297440
4,78691,1,3973166
4,10782,3,2412478
2,36058,5,2835524
4,19539,4,7139600
3,13813,3,5291557
4,17539,2,5190868
4,27409,1,9587920
3,85745,3,2546607
3,64043,3,4932339
4,69716,4,1953438
5,91948,4,8944373
5,79131,1,7754274
1,24407,4,3998792
2,96446,5,8574089
1,64738,2,9513379
4,81829,1,8147725
4,99167,4,4037921
2,86435,3,8298675
1,72506,5,4147036
1,52044,3,6859564
1,84221,2,4469196
2,43816,2,8897497
4,49061,3,6977616
1,63736,1,6331870
2,87758,4,2908688
3,30304,5,2191199
4,52503,3,9665105
4,69062,2,2588267
1,93634,3,2615385
4,24726,3,6364288
1,63205,4,2092019
4,68384,1,6019796
2,55796,1,8125520
5,36551,5,2640210
5,86637,3,8457331
4,67118,1,3309273
2,40214,1,6498786
1,33808,4,7738793
1,93092,3,7320325
3,78455,4,5352009
1,45159,1,1290507
3,98471,3,7283842
4,91744,3,4016773
1,50536,3,5533685
4,73780,2,9384841
3,41643,4,4797797
1,77404,5,4926217
3,52171,5,2436444
4,90755,3,4338869
1,61337,3,5981469
2,14807,1,2019130
3,77509,1,2124253
2,70930,2,2732584
1,40115,5,5084000
4,45674,5,6538757
1,72610,2,9483140
1,76639,4,4486304
4,39174,4,2053021
2,28310,1,4539646
4,60282,4,7935737
3,75038,1,6587319
1,16022,4,9245264
4,41971,4,2550968
5,26994,4,4152301
3,31410,4,4916774
4,83041,3,1476595
1,80452,3,5414217
2,86964,5,7503221
3,68941,1,9465498
4,79920,3,4146694
1,38531,2,9696022
4,54834,2,3964005
2,80113,2,2140486
3,77638,4,8187338
1,11385,5,8457474
4,14523,2,2482879
3,74689,2,9278448
3,77085,4,5685860
3,73938,2,9565766
5,62669,3,4761009
4,96770,4,3728603
3,80586,3,5505836
2,46219,1,8894717
3,81942,4,2786979
4,39035,2,3190081
3,79534,1,1597961
4,55763,2,6595982
4,86890,5,2102133
3,37370,1,9865382
5,71809,4,7768952
4,49077,1,1248227
3,69230,2,5162914
5,64091,3,9889061
1,88339,2,5744582
2,44837,3,4528376
1,46723,4,5025646
3,14819,3,5904696
5,62917,2,7470138
5,86119,4,2281564
2,43050,5,2568680
3,37866,3,8895242
5,18954,1,9005554
4,41799,1,7632355
3,15876,3,4735779
4,17470,1,6903027
4,73084,3,1473126
5,43230,3,8892563
1,18999,3,5890873
2,24516,2,8992623
4,37166,2,2258255
4,95579,4,5455435
1,88993,4,5352211
4,71916,1,3999285
5,87556,1,8881244
4,23498,5,7270379
4,14466,2,4616658
5,14097,1,4399579
3,85212,3,1822691
4,26041,2,6043361
4,94277,2,7034853
4,21362,3,7835313
3,66406,3,7639205
4,10249,2,6495579
4,75011,5,5079307
4,63175,4,5570160
3,16171,1,3181694
3,27409,5,7184952
1,99494,2,1933917
5,43501,3,1105063
3,15920,3,8724721
4,34659,2,6933805
3,70360,1,2031956
4,47690,1,7364117
5,91978,5,3769322
2,85487,1,8802328
1,65361,3,6092227
2,13854,3,3788215
1,19415,4,3757731
4,22831,3,1921496
5,53864,1,7382713
4,13629,3,5027862
5,82737,3,6678323
4,30058,2,5548106
5,78478,5,7765169
5,34238,4,3939561
3,58916,2,8512285
1,26945,3,8472838
5,52119,2,8924613
4,25355,2,5960485
5,36676,3,6513659
3,21641,4,1970135
4,30821,2,8682034
5,70352,5,6880120
5,82150,5,1120372
5,18159,3,9335999
4,47056,1,7324903
3,67217,1,3295564
2,50175,3,9015346
4,76137,2,3022209
5,69332,1,5884416
1,83846,2,6298125
4,94066,2,5103683
1,60628,5,9148347
2,75947,4,4101408
2,70398,1,5285661
2,65828,1,7582422
4,30479,5,1187432
2,31103,3,9584181
1,77988,1,5982120
1,78699,4,5152017
1,48368,2,3849795
5,27638,4,7112088
2,35339,4,4511560
5,66023,3,4103771
4,86031,2,4908926
4,11509,5,8199872
4,69545,2,8701804
1,17902,3,2838730
4,99546,2,1992171
4,17551,5,7219398
4,95176,4,4678012
2,64302,2,6831830
4,36892,4,7532108
5,53798,4,5873282
1,46740,3,3204317
4,22343,2,2376516
5,72232,3,4654697
5,40670,1,3238174
5,71197,2,2098385
4,24810,3,7186199
4,13528,5,6611005
2,66886,1,4894112
4,20872,3,6572989
1,40829,1,1775323
5,26030,4,9574864
1,14899,1,2186539
3,72727,2,4416732
3,89357,1,5303880
3,38525,5,6610506
4,94894,1,4014732
1,61063,4,8168802
4,97773,3,4036293
2,77193,2,2798861
3,62587,4,3229420
5,80401,5,9677812
1,20115,1,5762666
2,49110,4,3349961
3,82797,2,1864308
1,97348,5,2278958
3,64809,2,8147725
1,24587,4,6472039
4,80596,5,3032415
4,89715,5,4332802
4,32781,4,9908470
2,49915,1,5149857
4,61668,2,9677566
5,11400,1,5212366
3,36195,4,3354757
2,42307,1,9236458
5,86125,2,4336204
4,23907,4,5327624
1,32852,3,5973600
3,67458,5,8678378
4,39382,2,7903210
1,78099,2,4119587
1,64318,5,6697071
1,52871,3,7491082
4,59021,2,9765151
4,17180,1,6832697
4,34287,5,1702634
1,83783,4,8219915
3,49237,2,5854011
1,18140,3,3130703
3,59385,5,5362815
2,75237,1,5022881
4,90928,2,9821003
2,11390,5,8766137
2,85892,2,6671498
1,32364,3,6721893
2,61080,1,5344721
2,29620,2,8333260
4,96618,2,8360438
4,51554,4,5260471
1,82825,2,6049711
3,65717,5,1704416
5,97540,4,6130009
4,99310,2,3998792
1,38089,5,9673348
5,55676,5,6482363
5,45732,2,2376516
3,31848,5,9451846
5,28838,2,5449951
2,71620,3,9818541
2,25810,4,7558455
4,51160,5,9441439
5,39474,3,2756302
1,93976,2,1255769
5,91108,4,8828559
4,41577,2,2175165
4,28543,5,7938166
4,72849,4,4679402
1,57335,5,5220009
2,55466,4,8106941
4,66144,5,1191945
2,63509,1,4260325
2,43274,2,4218295
4,67031,5,2199748
4,44370,3,6272435
2,70475,1,4297333
3,79113,2,6640077
4,27425,1,2868099
4,18931,3,9630119
3,35921,3,2924948
1,17560,3,4024265
4,52738,3,2036694
4,70692,1,9463690
3,59503,1,7150549
4,37009,2,7338972
2,79800,4,1803083
3,79551,1,2361343
3,26061,4,7066069
3,59574,3,1005909
1,31109,5,3989076
5,11262,5,2339795
3,43339,2,5839095
5,72880,2,3448025
4,52797,3,4488462
2,92611,4,8257349
3,38613,3,2330528
3,85989,1,6640197
4,66904,2,2358656
2,33284,2,7594162
4,55020,1,2966871
4,63969,1,4751391
2,46510,5,1907263
2,69637,1,4588951
5,50733,1,9458833
3,73456,1,2061978
5,31637,5,1702634
2,99625,4,8485439
2,95160,2,5653885
2,87805,4,2775996
5,47866,3,7713654
2,27680,3,9586908
5,73048,3,2459501
5,30489,4,6120916
4,23481,1,4398365
3,69428,5,3202539
3,58257,2,6553275
4,25184,3,7561388
5,48136,1,9792502
5,55614,1,4854979
3,51472,3,7768952
5,62853,5,3269803
1,42635,3,6540806
4,56264,2,1393530
3,14435,3,6522839
4,55099,5,7277318
2,22679,5,1187501
4,98933,3,9347665
1,24915,3,5465137
3,52835,2,5558877
1,14674,2,6510796
5,42978,1,9098719
3,61118,1,1854299
4,19561,5,1012540
3,96832,3,9492929
4,32511,2,9562252
5,90511,4,9678705
4,74891,2,8684727
4,55010,2,1547262
2,98145,5,4568305
1,79147,4,3853402
4,26311,1,6019008
5,73545,2,7055326
1,13514,4,4624792
1,59081,5,7601616
3,56412,4,7750083
2,59452,2,7770366
5,44192,2,3426568
2,83572,5,6322802
3,64634,4,5706389
2,79113,5,8121202
4,12954,1,5352009
5,54904,5,9041510
4,46426,4,1630453
5,14595,2,6392598
4,49196,2,8346540
2,36952,3,5854011
3,26859,4,9972252
5,73776,3,1745414
2,49696,2,2445188
4,70059,2,1722800
4,81469,4,2705397
3,53745,1,5570160
4,34465,4,6148670
3,20779,4,2802363
4,43416,1,6760667
4,29680,4,4354897
4,52066,5,6859400
4,26903,2,6913695
2,41332,2,6117400
4,66835,1,8391867
2,83593,3,8823262
4,78036,4,5328511
4,76232,3,2939681
5,16088,1,6003579
1,53421,2,2477485
2,96724,4,4862269
5,98007,5,1551827
3,53415,5,2416381
4,56034,2,4160850
2,13864,1,5118781
5,56084,3,2571157
3,78648,5,2146261
1,56628,4,8250569
4,70785,2,9862211
2,41448,4,7493398
4,69377,2,8546680
3,89611,1,3596442
1,18356,1,3534514
3,83880,5,9667196
2,29374,3,2023524
2,52059,4,1634477
4,29402,3,4431097
3,32296,5,1480336
5,51996,2,8628891
2,15638,5,3457823
4,20852,4,9630119
4,15669,4,4502487
1,95838,5,1753705
3,95622,1,3768947
3,45228,1,4010701
2,93440,2,9114435
1,28017,5,3244581
3,95058,3,5775392
4,12202,5,1207635
3,24157,1,4172403
3,77748,4,2420821
3,41924,1,1530385
4,26101,1,7139254
5,17666,3,7793989
4,28141,2,2231766
4,47565,1,5434037
4,52587,2,7108131
2,83646,4,6871849
1,86958,2,3716107
5,75160,2,4531661
3,71305,2,5252974
2,71096,4,7485782
4,57359,2,2885694
1,52023,5,6287480
4,34529,4,8786650
4,67172,1,3662408
1,15540,1,9915132
2,96910,2,1979831
5,39203,4,2071593
5,83510,2,4248282
2,50127,2,1678685
3,19082,5,5059889
1,18992,3,3981755
4,33412,5,6773464
2,97095,5,5802248
4,83670,3,3917765
5,72146,4,2831018
2,41526,3,1276395
3,80775,1,7154865
5,58429,2,8250569
1,23352,1,7955114
1,49507,5,5988433
5,98702,4,3162274
5,63343,3,4791876
4,90515,1,9817026
5,44121,4,9045527
1,47949,1,9731378
1,48900,1,5223780
4,32981,4,3800465
5,88423,3,7796440
5,12972,1,4223383
4,26152,1,5520361
4,59591,2,2251142
4,82236,4,3796759
2,63676,5,5589257
3,78502,4,9564564
5,50022,2,9914807
1,34140,4,7999633
3,72355,5,8080235
4,67504,1,7635671
3,53587,3,1997099
1,38134,3,6307514
1,23008,1,6090847
1,67783,4,3415358
4,79695,2,6566494
3,57957,4,1596610
4,13282,1,2864208
3,73878,2,5368875
3,49390,1,7142542
5,69275,5,2102133
3,30581,3,3753904
2,15349,1,4544896
5,75744,2,8787878
4,64365,4,5271663
1,77456,4,8244741
4,56526,5,8420860
1,97842,4,8742465
3,43457,5,6105144
3,64776,4,5152160
3,34930,5,5613801
3,23643,4,8552230
2,36198,2,4150380
4,58738,5,6340467
2,17167,4,1261648
4,90710,1,2397071
5,56938,3,5490024
1,42035,1,3561444
1,48070,4,9478123
4,95365,5,3509362
2,66712,1,8521158
4,78370,5,9254814
4,82205,1,7378180
4,40994,3,2160627
5,32045,3,3799012
5,68850,2,1056549
4,18584,5,3487742
1,33782,3,6744165
2,95288,5,9177000
5,91278,2,4003874
3,87106,3,4903347
4,67296,5,2890910
3,48824,3,2989008
4,16716,2,9671641
2,91785,3,2300848
2,48651,5,6619526
2,70450,5,6344875
1,77078,2,6678722
5,44150,2,2398234
5,71575,4,2605784
1,42882,1,8012576
4,71197,3,1744323
2,89502,4,6165230
2,15537,2,7630230
4,73481,4,7184952
2,63714,2,3293169
5,71235,5,1112429
5,46102,1,5168975
3,13502,5,4448402
1,40120,3,4951272
4,60379,4,8060088
4,52434,5,1436711
4,23360,5,6301832
3,20452,4,3488923
2,71458,4,8363678
4,17102,5,4581663
1,58617,4,2147707
3,33626,1,5029928
1,82649,4,2629500
1,31293,2,8646104
2,64264,3,5684235
2,63877,1,7532805
2,37848,4,8857752
2,92592,4,4957470
2,93714,4,2671708
1,92405,3,8787878
3,92965,4,7713571
4,70638,5,3545608
1,82300,4,2835524
4,14831,5,1476595
3,40072,5,2624390
4,55740,1,8077723
4,36061,3,4018259
4,29367,4,3478049
4,12037,4,9842071
1,95722,1,2831764
1,87174,2,8308478
4,48693,3,8662729
3,88130,2,1160507
2,14041,4,9659338
1,31279,1,5819321
1,77359,1,5938169
1,89780,5,1211881
5,18052,3,5272505
2,36180,3,7450082
5,23994,3,1394374
2,99702,4,4557024
4,46974,2,8997066
4,55569,2,6363632
4,93873,5,1826607
1,11049,1,8472118
1,44907,3,9319411
2,71500,4,2703020
2,47061,5,7187454
2,38907,5,6390580
2,24009,2,8204575
4,55740,5,3233369
4,80286,5,8351918
3,47779,2,7597194
2,16513,2,5540699
4,73524,2,4817387
4,61536,5,1177617
4,42360,4,9586691
2,66442,2,3083509
1,73573,2,2089307
4,32994,4,7101202
3,73564,4,3445217
1,98676,2,6641682
5,72060,1,3271406
4,34694,3,2504003
1,26173,3,4213367
5,60168,4,6542725
1,45262,4,3198980
1,66167,3,3038133
4,29441,1,6017007
5,60665,5,1593492
5,36369,5,4920877
4,77573,4,9859411
4,68235,5,7878404
2,53269,4,4646380
4,43176,2,4735038
1,46684,5,7075234
3,60909,5,5375334
3,35089,1,9935982
2,75980,4,5170633
5,11158,1,5127045
3,45351,3,5683953
4,16375,5,5905235
3,76468,4,7659208
4,21619,5,4309292
5,17859,1,3019498
4,45259,4,8219376
4,97817,5,7018359
1,83536,3,4747791
3,62193,3,8409045
3,91024,3,8281853
4,33727,4,5981504
2,77193,1,1050986
4,35890,5,9541418
1,24994,5,8359438
1,59489,4,5235992
2,50427,4,1136850
1,53677,4,3757016
1,64235,5,4934694
1,44559,5,7201324
5,46369,1,9297753
1,72899,3,4071972
1,79977,2,4707561
1,88493,2,5771478
1,23671,1,7219033
5,84077,2,5629624
1,93320,5,5350190
3,92753,2,2656543
1,23103,1,8395548
4,59150,3,9300343
4,10664,2,6793348
5,61876,1,2506933
4,76893,1,9143402
3,14708,3,4056336
2,28834,5,3236089
2,29094,2,5090767
1,88930,1,3123154
4,75186,4,7140645
5,87762,3,3187363
3,84262,4,6997633
5,27443,5,6021689
3,59311,2,5957958
5,91672,1,3111684
1,50167,4,8264119
3,79099,1,7508379
2,70414,2,4432492
1,37863,4,2140486
2,88086,5,7738793
5,91910,3,6259642
5,69427,1,1968534
5,21440,3,5318281
1,56805,1,4017919
1,65426,5,6984452
3,69020,1,5622275
5,46569,5,7111294
3,19331,5,8811312
2,92015,4,1995938
2,72724,3,6212258
4,91337,3,6019008
3,79311,1,3047395
4,84244,4,1911199
4,58706,2,2640210
4,24918,3,9888402
4,94918,3,6041954
4,59966,1,9906528
4,10368,5,8185175
1,64866,2,8897126
3,70526,5,4682677
4,87474,2,3280474
3,74121,2,7403303
4,96485,4,6415453
2,45215,4,3297993
3,70787,4,9400029
3,80874,4,8187955
3,23891,3,5596779
3,54795,1,4732614
2,67937,4,2904796
4,30848,1,7815369
3,72326,1,3746483
4,57453,5,1434240
4,73483,1,2382298
4,45307,4,2955089
2,12761,5,5915738
4,22981,4,4546249
1,27423,2,8881554
4,24177,2,3676844
3,56036,2,3046418
4,14569,4,6784209
4,47128,5,2546791
3,49546,1,3966311
4,87594,1,3527389
2,67121,3,6301832
5,11507,3,3499290
4,88257,4,5616325
2,52612,5,5546013
2,36003,5,2427612
1,15974,1,9190603
1,97120,3,7998690
2,10361,3,4107518
2,91959,1,9165156
1,97689,5,4346291
1,33087,4,4289426
5,15299,5,8433411
4,92111,2,9490637
5,85355,5,7478105
4,92569,2,4138282
1,80077,1,4822218
3,12257,2,1727166
3,79218,2,1898812
5,92368,1,9776545
5,74441,3,1941384
3,42095,1,6943049
4,87333,4,7253321
4,50288,4,1628296
2,62746,5,3323760
2,13928,3,5706175
4,17847,1,2721439
3,83527,5,8318957
5,97108,2,3811171
4,61846,2,6095120
3,88888,5,2107253
4,57937,2,1660053
1,65057,2,6404858
3,88508,5,2499696
4,64018,3,5271328
4,61315,1,5558007
1,13372,2,5958371
2,80055,3,8857885
4,29245,3,8437744
5,82495,4,8892996
5,10379,3,5908036
2,40687,5,6666913
2,95267,3,8165602
4,40448,4,9434652
4,20129,1,7689791
4,82450,4,9780963
4,16943,4,3145481
2,74596,4,5965931
3,45985,5,6391445
2,86522,1,2486007
4,71028,3,4815606
2,29150,3,1649407
2,34993,1,5623013
5,93180,2,3362726
5,87980,5,5811975
3,12185,1,1248775
2,12604,2,3303194
4,16147,1,7272463
1,81323,2,6950290
3,27473,4,8060088
1,32010,5,2850339
2,85438,4,5129723
5,76755,2,6657891
3,28260,1,1053745
4,25346,4,5733001
2,59232,5,1253044
5,22140,3,5950301
5,16425,4,4625452
3,19940,1,6631546
3,35015,1,6743188
5,86910,3,6571753
4,35540,1,7343062
5,78901,5,4031275
4,42217,1,6435557
3,47929,1,2775911
4,35160,4,2225814
5,41552,3,7558327
4,59831,5,8828559
3,89292,1,3705136
4,47913,1,5529253
4,76846,4,8156545
3,65624,2,5662552
4,65500,5,9900980
2,84515,2,6424446
3,76592,1,2798792
2,23404,4,4012203
4,78090,2,4845620
2,53491,1,7260811
1,90849,1,2202283
4,18566,2,1348767
4,89854,5,8500716
4,91957,4,3296160
2,35227,5,9258494
2,63667,2,9657065
1,97771,1,6486062
1,23362,4,1701143
2,19288,2,9979521
4,83967,1,3850455
4,98945,3,7051840
5,20757,1,7424743
4,50365,3,3978636
1,27688,1,6359406
4,97533,4,6072999
4,23875,5,4662864
3,38252,3,4307766
5,42996,4,2200100
2,67794,3,7088233
2,34957,4,2120319
2,46810,2,6783632
3,86654,4,9304536
2,51019,1,4917555
3,86191,3,4054878
2,78379,1,3534514
4,49071,4,5615901
5,83040,5,3118773
4,55775,4,4307766
5,94597,4,7125988
2,87732,5,8920285
5,45243,2,3885353
1,23056,5,4521853
5,59204,1,9970891
4,23240,1,2202293
4,80598,3,3900847
5,57590,1,2358603
1,85927,1,2921820
2,40251,3,6791459
1,36139,5,4239325
1,70234,5,6291735
4,40090,5,9884033
5,11611,4,7650555
3,74050,4,3372538
1,99910,2,5761855
3,24478,3,4581663
2,60431,3,5177882
5,17929,3,7926246
3,18001,2,7527700
4,46486,3,2897195
3,61054,3,5544159
4,63041,3,5105075
3,53179,1,5397784
2,86769,2,7229594
4,67418,4,1120686
3,92741,1,6615220
1,38488,5,9503871
5,25939,1,2289972
2,69548,3,2589091
1,38302,1,5243234
3,55547,5,1633052
2,44244,2,8630430
4,61064,1,6961969
1,64501,2,1211209
4,31207,4,8186943
4,22783,1,5018574
5,90627,5,6960536
1,27546,5,5345265
5,72900,1,3022209
1,73372,3,1170042
1,14394,4,7973285
2,21113,4,5552416
4,48025,1,2509466
2,77992,4,4157671
1,99003,1,5317841
5,92951,5,2833909
5,90117,4,4456840
4,93515,4,2302116
4,54370,5,2976193
4,79855,1,8987852
4,62000,3,9308351
3,98570,4,4036293
1,13144,4,2855498
3,42409,2,2466652
5,76520,4,6660667
4,86154,5,2846793
1,32155,5,3289573
2,23897,1,4940361
4,27138,5,6789980
2,81118,3,8882050
4,29049,2,2852790
4,57837,2,1165856
2,32969,2,6181344
4,90015,2,1967892
3,14239,4,3915536
4,40030,4,1241682
1,80736,2,5219811
4,20935,5,2808104
2,70188,2,6660667
5,60592,2,6212051
5,49000,4,1428489
5,90581,2,9741051
1,45360,2,2630020
2,96963,3,2585611
1,13262,5,7154573
3,84492,3,7472635
3,79346,3,5537866
2,78752,5,8073624
4,14179,2,8109266
3,76952,1,3682701
3,21067,1,6287437
4,16958,3,6915816
4,89554,4,4266480
3,60152,3,9229076
3,22989,3,1936784
2,15841,4,6144191
2,45163,3,4560543
5,11719,1,9895296
3,62432,1,3663706
4,98595,3,2038238
1,95228,2,4002290
1,47131,4,6687454
3,97731,5,9629414
4,64681,5,5123587
1,15006,5,5826714
4,50606,5,3025564
5,71396,3,2613045
4,98099,5,9978992
4,85690,5,3271604
2,44361,5,6773464
5,41645,1,4354118
2,37108,2,8669772
4,28019,4,8310701
1,37055,5,2897548
1,47461,5,9748735
3,54951,4,1914767
3,20949,3,7532182
5,10190,1,4100372
4,46072,2,1964835
4,14390,3,9926595
3,81618,3,2955341
4,62624,2,5514778
5,36703,2,5509629
4,54863,1,3757731
4,63654,3,3641602
5,33026,2,4862242
1,46434,5,2100834
3,89105,5,3025842
4,52847,4,1902631
2,49900,5,9774484
1,65398,3,3868407
5,69696,4,1533538
3,74179,2,6716499
2,53578,1,7910665
4,32003,1,1758613
2,39239,3,9635824
4,74714,1,6362739
4,81267,1,1773133
1,65065,1,2592143
2,83311,1,8139564
1,90342,4,2204844
2,92534,4,6967651
1,89044,5,3241454
3,76564,1,5388316
2,46494,5,2318051
4,12306,4,4135967
4,11034,5,2838127
3,15330,4,4430102
2,10455,3,8914749
2,95788,1,6350503
1,72293,3,3885016
2,76361,5,1194251
1,20534,3,4148196
1,21680,4,6042218
5,50323,1,9015346
4,86969,5,8840872
5,91577,1,6758407
3,69749,3,8538798
4,69493,1,8117251
4,29652,5,6731191
5,25599,2,6540834
1,49931,2,2256485
4,95628,3,3691891
3,71067,2,2398586
2,36445,2,6665601
4,36384,5,8040842
1,11479,2,8229068
3,52653,4,9248192
5,70429,5,1333439
4,42607,1,1452872
2,98317,2,2546791
3,39202,1,4427855
3,12635,3,2480784
3,12285,4,2058927
5,90729,1,7667840
1,74967,3,7382111
1,60302,1,7646929
4,27135,2,2790067
2,43391,4,3460618
3,88411,5,1239766
4,88782,1,3045425
3,56724,5,1967901
1,33456,1,9938318
2,90512,5,7970498
4,90766,5,1738207
5,19949,5,4219513
1,69651,4,3005793
2,23382,3,3448133
1,57757,5,9213818
3,94009,1,5527316
2,53827,5,3220234
4,75839,2,1801274
5,98041,1,4116561
4,60314,4,7684092
1,61874,5,7374242
4,76846,5,7252074
1,37694,2,6241514
5,76539,5,5807012
4,30394,2,3771457
5,90860,2,6490680
3,63599,3,8693457
5,14723,4,2428221
4,91673,4,6628108
4,78481,3,7455583
4,35311,3,1292000
1,75126,5,5212208
4,20883,2,6046179
2,97547,3,9840167
1,10957,4,4099504
4,79227,2,8385992
4,17789,3,7222090
1,11265,3,6074151
1,59747,1,4505533
5,64995,2,7744007
4,91599,2,2886837
4,31701,4,1986401
4,70108,5,1598178
5,76424,5,9002938
2,90164,3,5832896
4,99118,1,5327302
4,87026,1,9798853
1,12151,5,6605705
2,49597,1,8038530
4,96844,4,7672098
3,56899,3,3262350
3,16352,4,2614828
4,88764,2,4329760
4,13271,1,3992740
4,24251,1,8902316
4,49513,3,8088551
4,43344,2,4301598
3,45966,3,3125531
4,82991,2,4898547
1,44683,3,5539577
3,55892,4,1101669
4,37861,2,2211958
4,45587,5,4627495
4,71604,5,2405245
2,48454,2,5657155
4,54968,5,8603450
5,78629,4,5157414
3,98447,1,7991646
4,23156,3,7908381
2,96005,5,4145585
4,52525,3,4801261
1,90175,1,4018259
4,48552,3,8427304
2,97936,1,3449447
5,68035,4,9506678
1,58223,5,6075787
1,66721,4,3851214
4,74730,2,7315954
4,22917,1,4702298
3,76749,4,8416819
4,32437,5,4543121
4,10691,1,9899011
3,82070,1,1898517
2,98498,2,8742465
1,91033,3,2971232
1,74617,2,3720165
1,98156,2,1452166
4,70390,3,7886846
5,79157,5,8198556
5,11106,2,9624019
5,98636,5,1520079
3,39079,2,4878711
1,87947,2,8693457
2,25973,5,8569446
5,94126,5,7177654
1,62701,2,2530999
1,91591,2,8842291
2,95987,3,2878675
2,43548,3,6699751
5,13558,4,3557534
4,66861,1,1580981
4,10181,3,6541524
5,50579,5,5825911
5,51553,2,4865454
2,54343,2,1046607
1,57427,1,2676551
4,74376,5,7720533
2,13645,5,9226180
5,39618,5,5469550
3,65833,2,8259337
3,80730,2,9825349
4,64887,3,5634994
4,79106,5,4012654
1,22850,2,9401525
2,39741,3,7761270
5,62614,3,8108213
2,99322,2,6484227
1,26454,3,9991669
4,96994,4,1418587
2,58011,4,3742716
4,38215,2,9925508
4,48229,1,3996019
2,81218,1,4637138
2,56531,2,5717784
5,88551,2,3463270
2,58211,5,1866499
4,70297,2,6107166
1,87257,2,5877255
2,97098,1,1975842
5,49712,4,9889857
1,29784,2,1048054
2,15009,1,1832069
3,20374,2,3204317
3,17899,1,7816103
3,39018,2,5231668
3,34063,5,5890897
4,42020,3,3488923
4,58894,3,9179851
3,18705,3,8778375
2,90784,1,9862211
3,41788,3,8414724
5,25762,5,1680353
2,58670,1,4731291
1,41292,4,8609810
5,92540,2,5856174
1,32690,3,5127961
1,23331,3,1228578
2,10279,1,2818313
2,80659,5,6698566
5,12762,3,3359674
5,23778,3,3556875
4,72308,5,4657537
4,53934,5,4913519
3,20687,4,3976368
5,66754,2,5750024
5,14314,2,9130840
4,75950,4,2950901
4,61188,4,2356009
4,56371,2,1159516
3,53402,5,2658608
1,54005,5,9925172
5,24014,2,6693795
4,48718,4,1451863
3,84908,5,2143892
4,18945,4,9464354
5,18570,5,7059056
5,94872,4,2043043
2,85263,2,4326876
2,57424,5,4734181
2,48382,1,8046687
5,38904,2,1763786
2,88175,1,9524810
1,85911,5,4564921
4,48271,5,6762727
2,93876,1,6768875
4,62180,4,5100412
4,79283,1,5865506
3,87996,1,5347904
4,34723,2,2428221
4,78938,5,7718156
4,89561,2,3660088
4,70061,2,7138119
5,62855,4,1817639
4,53640,1,5553792
3,48676,1,8548744
2,12537,4,8249287
4,31857,4,2522744
5,61158,5,8368159
2,75300,5,3002468
4,77479,1,2849425
1,79348,2,9091399
4,76969,4,7208010
2,32631,4,9480517
2,77761,5,5969490
1,70651,4,8513471
4,95299,4,4143130
1,93405,1,7942443
2,72160,3,5467574
2,11562,3,6625597
4,16455,3,2137184
3,21186,1,7890525
5,44379,3,9840107
3,87158,3,3372889
1,33723,1,8005680
3,30905,1,9982001
4,76390,3,3581990
5,71167,5,3769251
5,56403,5,3585785
4,76117,5,6020828
4,48061,4,3796759
1,63832,3,9972252
5,71824,2,7851546
5,89329,1,8315948
4,91581,3,9301638
4,54912,4,4205890
3,79763,3,5027862
4,38104,1,2382994
5,13456,4,9641683
3,42155,1,7681728
3,67231,4,8221934
5,26348,4,2192153
5,21358,2,5681862
3,97878,4,9970764
4,17309,2,5152501
5,76286,2,4854918
2,11528,1,7504137
2,44322,1,5932980
4,81192,5,9121872
5,69798,3,5272255
3,55387,1,1829943
4,91067,2,3300194
4,29168,4,7377291
4,39502,3,5319118
3,37112,4,9195207
4,63429,3,2217890
5,68907,4,5816142
1,71805,5,7397332
2,85378,2,9669286
1,66989,3,2923246
3,82231,2,2028304
2,65221,1,8826463
4,12426,1,1863340
2,86771,1,7906361
2,69223,1,2308942
4,69941,2,6090372
4,79965,4,9848980
4,28832,4,6871696
4,53642,1,4591819
1,13729,1,1404395
5,61603,3,2615385
4,29768,3,9121276
3,73168,4,1108524
4,17446,3,7178056
4,81949,4,3132193
3,14627,2,5825720
4,87682,2,4385925
2,90803,4,2796580
3,32164,1,5909768
3,86428,1,7681728
1,81311,2,3382436
4,74067,2,4923576
1,69166,4,5117787
4,24266,3,3987041
2,96710,3,1149718
4,26377,5,6039349
4,59512,2,2504935
2,20245,5,9248192
3,76744,1,5926496
5,17893,5,4491486
4,16306,3,7351624
3,22799,3,7324406
4,84331,2,6911615
5,60486,3,5536414
1,81607,3,2631030
2,54870,1,8644273
5,48224,2,3922054
4,10086,3,1006196
4,63574,1,4745141
2,96565,1,7263299
1,11394,1,5542194
2,18599,1,4737008
3,44771,2,9982001
4,45309,5,9098719
3,75180,4,3124436
2,64302,2,2698498
5,97585,3,1177617
3,88034,2,7011801
4,69242,5,8023758
5,13133,2,6134570
4,90875,4,5695277
2,44095,1,3366871
4,32042,5,7023866
3,62039,3,2146117
1,28228,5,5609327
4,80187,1,4708158
4,85338,4,5974512
5,38586,5,2578073
4,11718,1,9014373
2,16575,2,8481640
1,82891,5,2210025
5,30717,2,9446024
4,73295,1,7033685
1,80200,3,8398440
2,53786,3,6736064
2,22283,2,5135521
4,77798,3,6608582
5,18902,4,5763869
3,46034,2,7659308
2,46393,1,5701183
3,41955,3,1857506
4,32788,4,2670185
1,42123,5,7733674
1,94098,4,4419877
4,55652,5,2425109
1,56694,5,6344618
4,76875,3,4195523
5,60000,1,1056722
4,70607,4,8276303
2,16529,1,9036782
2,15514,3,5415893
2,32660,5,6905884
4,15023,5,4851820
4,52060,5,7221744
5,56883,1,2853773
4,89103,2,5212223
2,74925,1,5426004
5,50291,3,4742168
3,42931,4,6058532
1,37056,5,5695594
2,64399,2,4434744
4,89386,5,4940361
4,30313,3,4436434
4,17408,3,4739421
1,63011,5,2034124
4,16439,2,2439073
2,92473,5,2600179
2,61270,5,9899011
5,11028,1,5352211
4,71782,1,4096004
3,58696,1,3564985
4,94601,4,6943182
2,12125,3,4091202
3,41030,5,1513493
4,37494,4,1228948
1,32040,5,3242097
5,45443,2,4320470
3,73971,3,6640077
1,27044,1,5882357
1,92789,1,2032922
2,91556,2,2679829
4,54363,5,6213204
4,13024,2,1783845
4,64916,1,4726898
5,36026,3,6239493
4,34929,2,2605784
2,27929,1,6476762
3,38357,2,4041677
4,29712,1,1298192
4,41965,5,4766809
1,75366,1,4529723
1,39240,5,3917664
3,67457,5,8018279
4,82602,1,4780686
5,87703,3,5620734
4,36274,1,8891697
1,53964,4,4934296
2,68450,2,1400412
4,67092,2,7080613
1,88355,5,3112841
4,81125,2,5517683
4,50973,1,9873494
1,98475,1,5207908
5,48255,2,8249287
1,52203,2,4156349
1,25081,4,2068983
3,99434,1,4187517
4,40053,3,6719586
5,26860,4,9359146
4,77933,5,6687294
4,77168,2,1286768
4,97440,5,5658629
5,74588,2,2546603
2,82725,4,6898922
1,51944,4,5381953
4,34943,1,5096749
4,92952,1,4503383
2,98787,3,8027845
4,11489,3,7797416
5,17495,4,3885353
2,69329,3,8911916
5,28492,1,5172320
3,86550,3,2479089
4,72400,3,8361578
5,89952,3,3561624
5,14940,2,8758536
4,70636,4,4890239
2,78221,3,9336858
1,89263,5,7327761
5,50064,4,4608619
4,20474,4,4015394
2,63125,4,3647379
1,18391,3,8455944
1,33487,4,6046179
4,78727,1,7720866
2,58702,2,8585922
3,85449,2,6363149
1,51927,1,6484227
1,95836,4,7056159
3,64580,5,4867132
5,10220,3,3110998
4,59840,1,9888939
5,78727,4,5115777
4,77994,3,3689681
4,12997,4,2951898
2,76337,4,2378154
2,26988,4,7046702
2,52352,1,6721106
1,41267,4,8177874
1,22405,2,8253724
3,30679,3,8741597
2,15320,3,8097584
4,46301,4,4494103
3,80851,3,3234390
4,78291,5,8843568
5,42523,1,7304431
4,49738,1,4758437
3,51897,4,6918932
4,85495,3,3034942
5,94388,3,1465036
3,24018,4,9263302
4,99762,4,7744991
1,54063,1,1633052
4,18604,5,9183167
5,24068,5,9796008
2,96094,5,4542358
3,30786,1,8012837
4,29818,3,4777923
4,93669,5,7762064
4,45235,1,6461031
4,38675,1,9610921
4,44111,2,7669020
5,41569,5,8091644
1,72322,2,2642508
4,41600,5,2254995
4,87248,2,4002678
5,80592,5,2695811
4,91497,2,3814588
5,88464,5,9180591
2,71873,5,5318281
4,61554,5,2294206
1,47866,5,3008272
4,51046,4,6844445
5,51117,2,6457103
1,64520,4,8825511
1,92285,3,9712135
3,49261,2,7024173
2,56592,1,5703025
3,86161,1,7300233
4,42785,4,6193026
5,98649,5,8924613
5,85896,2,4174703
1,44924,4,4847919
2,21633,3,6994396
1,22401,3,7711567
2,12990,5,7820557
5,17589,5,3757942
2,65683,5,4345728
5,57503,1,6002625
2,13716,1,7851479
5,47400,5,6762869
4,98076,1,4124888
2,94234,5,7862241
2,63390,5,4787936
2,79145,2,1087894
5,22027,2,6654957
4,22237,2,8945235
4,58573,2,7262423
1,65914,1,1237148
5,61137,2,7713654
4,67151,2,5926496
2,15707,4,1805572
4,63515,4,3922947
3,48951,2,4046727
4,17090,4,2765154
1,29748,5,8635719
3,68038,3,6446857
4,69652,3,1709654
2,16448,4,2302521
2,34669,5,9987280
4,69598,5,1408337
1,11721,5,1397018
3,21731,4,8553853
1,16613,3,4640390
3,67272,3,5959225
5,16873,4,5630069
5,86368,1,2803369
4,29607,1,6984396
3,57586,2,7902750
2,44450,4,7247378
2,88150,4,7849877
4,57387,3,6591838
4,21014,1,4924319
4,93052,3,6890771
3,11017,4,2951327
2,40714,4,4327992
5,19791,5,4584678
3,12611,1,2474857
1,96083,1,4036292
2,27049,5,6212051
5,65955,2,8095291
4,43084,4,6171007
2,85053,4,6791039
5,43367,1,9123554
4,53974,1,5143742
1,84245,4,3922054
1,88778,3,1245440
1,69505,3,7327622
4,83822,4,5536607
4,61226,1,6261309
4,63402,3,1407943
3,41764,1,2028304
1,40221,2,9915132
4,25842,2,8850043
4,15336,4,1381970
1,33963,5,1576502
2,88955,2,2782407
3,72660,3,2036538
4,45118,4,3396209
4,12367,3,1933070
4,37270,2,2366770
4,52579,4,7394567
4,38635,1,6405531
5,86960,4,5291557
2,54063,5,5047113
4,67365,3,7192234
5,49506,4,6917460
4,29365,2,4679830
1,58073,1,6750416
3,37773,4,2166860
3,68557,4,2069945
2,43624,5,2303094
5,22562,2,6235211
4,21735,2,4981288
3,50805,2,7050612
3,71804,4,9910827
1,29659,5,1187887
5,51712,4,7251860
1,80459,2,6151713
5,33011,5,4369981
2,11660,2,6835871
3,93761,5,1350198
1,38495,4,8118922
4,29094,3,2974697
1,92348,3,4372563
4,95489,2,4747961
4,79084,3,8859642
4,32838,5,1772271
4,30693,5,7934695
5,69369,4,4638101
4,91735,1,1197143
5,26084,1,3882934
3,13732,4,7208009
5,68227,2,4491647
2,10188,5,5049145
4,85761,3,1854299
3,29214,1,4242726
2,41978,4,6446432
5,78445,3,3377129
2,23585,5,6718549
2,52409,1,1452872
4,44972,1,3936107
4,92644,4,6022695
3,78076,3,2183720
4,53491,1,2153426
3,64645,4,1843672
2,38892,5,1050986
5,14021,4,6318219
4,73936,5,2594570
3,53364,2,8535817
3,71072,3,4436434
4,32757,2,2430683
1,28989,1,4631447
4,67682,5,5192431
3,39818,2,7906361
1,52892,1,1726982
5,54666,4,7934695
3,77369,1,3737844
3,25140,5,9453989
4,89098,1,4343332
4,28638,4,5716463
4,18377,1,4346291
4,91690,2,4832113
3,84175,5,6208140
3,73281,5,8811201
1,98520,4,8263385
5,15309,3,4834705
3,69625,1,6363087
4,61684,1,8637690
4,54299,1,3333573
4,45555,3,4079687
5,42940,1,3382436
5,90346,4,9165156
5,36688,2,8262500
3,60406,5,9447251
4,32160,5,4021465
4,18790,5,7139153
2,21810,1,8261198
2,70643,1,3510880
3,18213,5,2895112
4,22398,2,7528452
1,44983,5,3993043
2,69073,5,8559962
4,77599,5,1849625
5,42822,3,8603450
2,75958,3,2322791
2,19640,5,2551631
1,58315,4,4640390
4,68140,1,8833070
1,98525,5,1772087
4,75613,5,7856239
3,57273,5,7290447
4,85369,4,4761368
4,42472,4,1787922
1,18074,5,3806121
4,65618,4,1260893
1,22083,4,8002005
1,99031,3,2398249
4,86014,1,3918642
5,60814,3,3487742
2,64705,1,7240450
1,67681,5,1602698
3,31100,1,2053386
2,13997,5,8343700
4,32855,2,5845401
3,57175,4,1898099
2,33433,3,8191410
2,45941,1,3267398
1,68181,3,9840107
3,17384,1,1585191
2,84185,3,6977676
4,48828,4,3430279
2,87920,5,9859411
5,85080,3,8879861
3,63116,3,4419961
4,36695,3,5785936
2,59882,3,4259583
4,77395,3,7658508
1,48013,1,5505836
4,65952,4,7879706
5,75403,5,5995209
5,49129,4,8828789
5,15738,5,6144406
1,13214,3,1073731
1,97311,2,2327643
1,25354,3,5454621
3,81037,3,1958590
5,42719,1,8635423
4,19234,2,1411868
1,63868,3,9697298
3,73012,5,6220965
3,87145,2,8034096
4,44450,3,1838328
4,94493,5,3168186
4,37130,3,6303122
1,83355,3,9664330
1,79780,2,2084680
4,60167,5,2802635
4,21347,1,6760419
1,84183,5,6944458
3,38536,5,3690471
3,67797,3,9267022
1,39130,2,2514207
4,27791,3,5627295
3,12708,2,3571353
5,79519,4,2127738
1,95219,3,4629690
2,26898,1,4817375
1,74755,5,2298943
2,39528,2,1577005
2,84127,1,5876934
2,84119,2,9973288
4,98184,2,6872009
1,19685,1,3775018
4,79579,5,6799133
2,94001,5,8194648
1,89945,1,3270014
1,66810,2,9501660
1,79052,1,1012540
1,79426,5,8810191
1,19157,3,5066352
4,57246,4,5376115
4,97499,3,3790530
2,28291,5,9816430
4,10401,1,6541723
4,30448,4,5453139
2,55715,3,3327259
3,65927,1,4327992
5,23062,3,4194543
5,34008,2,2850852
5,70148,1,6774234
4,59248,1,7377958
3,68766,2,8602936
5,35024,4,3255360
4,82499,2,8452854
5,79982,3,8414724
3,35113,5,5751109
4,18630,1,6332805
2,17134,3,4872386
4,81967,2,7462670
4,16582,4,3021084
5,30481,5,4255428
3,77140,4,8214887
4,14964,3,4894089
2,32460,1,3799538
2,48330,4,6212386
5,75139,3,2783781
4,21006,3,6655671
1,13929,3,9465498
4,58360,3,5653885
2,79042,1,3590692
1,58590,5,4105937
4,77862,5,7322770
4,69401,4,3629981
5,27299,5,6191251
2,76237,2,7889342
5,69573,1,5286938
2,39812,1,2156624
2,88319,1,3777193
4,71586,5,2814466
4,37892,1,1421595
2,16239,3,5602988
5,24486,2,7601616
4,73256,4,8275696
4,64267,4,9552905
5,12112,2,6805236
4,96532,1,4784796
2,93558,4,8116770
1,25490,5,7430663
3,69112,3,7669020
4,98181,1,4543403
1,22106,5,5389292
4,33928,2,8817365
5,77656,3,6538071
5,27171,1,9504379
2,21446,2,7681728
3,63275,5,3056076
3,92016,1,3806121
4,71361,2,4558972
4,46986,3,5089985
4,20433,2,1777724
4,67427,4,8538556
4,85104,5,5813002
2,53297,1,1382058
3,76910,1,3651992
2,91314,3,2536311
2,52816,2,9808967
2,53544,3,6881938
5,70103,5,1817920
5,97880,2,4329760
4,31810,5,3362726
2,40613,3,1997099
4,78807,1,2690520
3,90138,2,7208726
4,37596,2,1887152
2,12096,5,6124205
3,13164,3,7110247
5,21736,2,7110722
5,30661,3,6741389
4,45723,1,9916051
2,14056,5,2188142
1,79089,2,6800320
4,85215,3,1572630
4,64024,3,4825638
3,19577,5,4722361
5,17783,1,2127432
4,43603,5,8476773
3,66954,5,6630287
4,73917,1,8271923
4,78626,3,7439869
2,14658,5,2197347
5,63105,1,7183247
4,38038,2,7058402
1,83811,4,6631546
4,48438,3,6100495
2,29514,1,2815755
2,17493,4,5760260
2,95152,1,1963582
2,64184,4,5379563
4,12593,5,3432594
4,35134,4,1817381
4,36029,1,1997605
3,55320,3,1859920
5,58433,5,8216125
1,12167,5,7314764
1,60404,2,4725742
4,60132,2,1260893
1,11781,4,3233289
5,92910,2,5630707
3,99849,4,3875835
4,84931,2,3839154
1,99225,1,7821937
1,33849,3,7045723
4,13319,1,3187168
3,61623,3,9060492
4,60063,3,9506417
5,17604,1,6130009
3,29001,5,5953299
4,83898,4,8035305
3,51439,3,2173700
4,73832,4,5039670
5,54372,1,4257835
3,27471,3,7458459
4,76551,4,8109266
1,88782,4,9380269
3,85632,2,2287949
1,48558,2,4324116
2,36041,4,2007261
5,19441,2,7636149
3,79489,3,3927240
4,15695,5,5118221
2,97411,2,5553653
1,94621,2,9396452
1,96972,5,9245533
5,40852,5,6866011
4,51375,4,3178602
4,14799,5,9966156
2,32908,3,1499614
3,15351,5,5616325
3,13902,2,4758506
3,26829,3,3960172
1,59882,5,6951994
5,27445,2,2322813
1,91928,2,8735589
2,20333,3,4874091
1,50310,5,4002204
5,96759,1,2735609
1,27265,2,6109453
3,59488,2,8914749
4,30204,3,5351264
1,88082,3,2966871
4,50055,5,2310509
4,11527,3,2147741
1,19810,4,5426052
2,48475,4,9695923
3,22186,1,4400982
2,80623,5,2291986
4,96318,3,5790319
5,16878,3,6811332
2,78134,2,6778034
1,79913,3,1197960
4,55107,1,9220401
4,72206,5,6661829
3,24833,2,9932820
1,77533,2,8332040
5,11954,4,9045527
4,76210,4,8538556
3,81578,4,7432347
2,79067,1,8443908
5,12467,2,5370175
1,16982,5,2634523
5,34325,4,4207069
1,64513,1,4266480
4,59326,4,2314933
4,30409,3,1663045
4,91455,5,7289652
2,15093,5,8863487
1,46952,3,1982626
4,54684,3,3076749
4,88842,2,1645138
4,67038,4,7951615
1,39443,3,3853402
3,83286,4,8879906
4,33926,2,2324867
4,17691,4,6179744
1,40052,1,7274718
4,53864,2,6371699
4,46062,3,8545917
1,49905,2,8607193
1,78558,2,7112088
4,21131,2,1276448
3,25179,4,8299897
4,40518,3,8691388
2,94924,5,8936945
5,40861,4,7835608
1,14445,5,7324902
2,24734,4,9288012
4,64794,3,7179169
5,66161,4,7093030
5,93787,3,7732400
3,36517,3,5955256
3,50822,3,5485938
2,63064,5,1210635
1,74522,1,4974414
2,71373,2,5295762
5,29702,1,5021436
3,77995,1,8308478
2,97646,3,3766007
4,95375,3,1531176
1,38138,2,1473126
5,96962,3,4195523
4,35823,1,5753564
4,57208,1,4002204
2,56462,4,8012837
1,17729,3,7791649
4,47909,3,7736952
5,49630,1,5397784
4,81246,3,2134431
2,28019,1,8434326
5,12269,5,3850521
2,92260,3,5362889
3,26589,5,5531392
1,57185,2,6685421
4,50682,1,9211319
3,89608,3,5178766
4,46297,1,7424815
4,79148,1,3418916
1,89536,4,2538084
3,52676,1,1991328
1,23387,4,3795811
1,28988,3,3617838
2,99635,2,1526035
3,35187,3,9985197
1,90877,4,9241068
4,70940,3,6226153
5,31892,4,5111676
1,64686,4,6528145
2,37958,5,9312869
1,78418,2,1924824
4,12082,1,8586982
2,95804,1,7359420
3,36349,3,8352358
4,26452,4,9378516
4,21403,2,3149205
2,14165,4,3456305
4,79172,5,9885011
4,35636,4,4180717
3,93451,4,4758847
1,10226,1,2882943
4,55076,4,8318939
5,35094,1,1873717
4,13669,1,9847091
3,87581,4,3723022
1,37088,4,1434957
3,74894,3,6314341
1,73478,5,1151807
4,90548,5,4890636
1,49537,1,6378455
3,11099,3,6890441
1,23369,1,3413370
5,16071,2,2721896
2,40842,2,9677812
1,55690,4,7977076
4,22848,3,9131973
5,22787,2,8193507
1,43214,5,7991025
3,25963,5,2772739
1,30434,2,7762390
1,39617,3,6811046
4,98519,4,9452325
4,38715,1,2506933
4,81876,2,1411868
2,66651,1,3660930
1,70393,2,4770645
2,79922,1,3359422
3,97456,2,9781781
1,60168,3,3280342
1,96202,4,7223511
2,57328,1,7582871
2,65866,3,9418978
4,11589,1,6389113
4,47337,4,6029321
2,73083,5,1052899
4,75428,5,6592580
2,50048,2,2358603
3,62556,5,7596284
4,94809,1,2416192
4,73011,3,3331787
4,46585,3,9973107
1,55128,2,9121950
3,41824,3,8165602
1,95188,2,2175341
3,53626,3,5879247
4,63248,4,2155320
1,34633,4,4375203
4,41942,5,3933940
4,27531,3,3462902
5,74750,1,6332962
5,50892,4,7221629
2,14711,5,5260699
5,76029,4,2615385
1,70964,3,9849129
1,75119,3,1347793
1,25327,1,5316157
4,69589,5,2134990
3,16365,5,1870999
5,34212,5,2308942
5,46151,1,8197755
5,13556,1,4059104
4,69216,2,3549640
2,96004,3,5952381
1,96775,1,3087439
3,98714,2,9130255
5,78417,1,1942548
2,34056,4,2034124
1,31608,4,8488317
2,72680,2,3351708
2,42168,3,8238055
5,57056,2,9964752
5,66296,4,2672713
4,53017,4,7255199
2,98416,3,1807699
5,58072,1,7324406
2,29292,4,5472644
5,71711,3,6434032
4,69780,2,2276239
4,84580,2,4703371
5,96205,4,5022881
2,64445,5,8673177
3,68076,1,9066814
4,60315,5,9933084
5,30326,3,8945391
4,17986,3,1686217
3,52291,1,8529481
4,54979,2,6934999
4,51168,1,3224155
3,10434,5,1843672
4,12204,2,2776785
5,58633,3,4267209
4,29506,3,9191227
4,12413,3,8503447
4,99213,5,5499869
4,87857,2,7798338
4,26108,2,4333622
1,82948,1,3190691
4,54009,4,2581192
2,53719,2,7764611
2,49172,1,1749010
2,42198,1,9682201
5,93889,2,4913519
4,65258,4,1674904
4,97258,5,6385583
5,32698,2,4207821
3,84585,4,2887168
1,99343,2,9395922
2,22195,4,7804172
3,71866,4,2384396
1,23137,5,1021881
4,73719,1,5623013
3,59363,4,8832407
4,49716,3,3470470
3,63620,4,4968684
2,42680,3,8345372
3,24568,5,5749958
4,16902,1,8151639
1,47270,1,1096153
1,11859,4,8963922
1,10089,2,6998168
5,81413,4,9312869
3,78946,1,1197143
2,53861,1,6982345
4,80271,4,4490340
4,25197,4,5717599
3,39878,3,1910077
4,13075,3,9960006
4,29471,4,8795082
5,18291,4,4846225
1,22817,1,4695714
1,39464,1,5506699
4,38302,3,7178056
3,40181,5,9712637
4,23300,4,7640378
4,53073,5,6440688
4,14398,1,9571009
4,97518,4,8825511
3,95641,2,6145984
4,76784,3,6678286
5,62872,3,6877684
3,62985,1,7756350
3,66108,3,9030157
1,56760,4,8411009
4,20321,2,3274781
3,40233,1,8708283
2,78549,5,8005278
3,56202,1,8036479
4,29120,3,6186923
2,77946,1,1206614
3,64504,5,3152412
4,93566,3,4615475
5,38669,1,3942335
2,64347,2,1260460
2,22950,3,9230016
1,60978,5,4504803
2,40607,2,2984074
4,36674,3,7232846
2,64888,4,5200853
5,19843,3,1681414
2,63316,5,4583532
4,75433,4,2024205
2,89304,1,3870633
1,89322,4,2847116
3,49215,3,8472942
2,73765,5,1325016
4,63200,1,3575457
3,31288,3,4060516
4,40391,4,4807137
5,81670,1,4950657
4,71602,1,2357323
3,96112,2,5743440
2,20597,3,4982333
5,41813,2,1978242
1,70759,1,3590463
5,50565,2,1547251
4,40820,2,4770645
3,98678,4,6124538
1,57006,3,9600266
4,32369,3,1410800
3,19202,5,7257550
3,33257,1,5868928
3,95405,1,3253078
4,67127,5,7585884
3,22546,5,7765784
4,46265,1,8259263
5,96707,4,5864267
1,12767,4,2229322
4,51963,3,6513659
5,72139,2,3699837
1,30076,1,4340237
5,93925,1,5657649
3,47279,1,5430142
2,89536,2,7811787
3,85022,1,5948856
5,20814,4,7339754
3,61784,4,3303154
2,32307,5,2163381
3,92963,2,5204443
4,56629,3,6982897
5,24551,5,1545436
4,29900,3,9000378
2,31920,3,3370647
1,89632,4,3274614
4,66930,4,6941309
4,85475,5,1083119
4,50845,5,2147741
4,72444,5,3218532
2,75752,4,7471095
4,80843,3,5930705
5,32052,5,8886566
1,78271,2,9526374
3,30635,1,1567742
1,61107,5,2761357
4,97630,4,6793065
2,74818,5,4864461
3,39268,2,2516630
1,93642,5,3705835
5,81154,3,2640119
2,61638,5,9683788
4,66343,5,9849205
1,57473,1,7460562
4,60991,3,3288775
1,34272,3,2899100
2,77399,2,2870726
2,81047,5,4466104
4,58837,2,7271969
2,97752,5,5172021
3,23312,1,1869698
3,76155,4,4662864
4,71234,2,7111294
4,68544,2,9141242
1,92579,2,7409964
5,37960,2,6948807
5,32243,4,8768682
5,27104,3,4761769
5,44079,3,9264451
4,65036,4,7972667
5,47785,4,9536615
1,16092,1,2171882
5,64546,2,1919774
3,15860,3,4108440
4,85454,2,8022103
3,73016,3,5060012
1,60310,1,9909115
4,13806,2,8282425
1,31440,4,6728844
4,69441,1,1821833
4,61154,4,3866368
2,79773,2,4893619
5,80360,5,5279728
5,77910,4,6148670
4,45905,1,9735238
5,53964,2,3603031
2,37237,1,1891630
2,28974,5,2413074
5,31695,1,1447508
2,74265,2,7856103
4,70339,3,2103111
5,39155,1,7886611
4,33433,3,2719638
4,59574,3,2670185
1,13230,1,8264020
5,60663,4,8363759
5,47187,4,8684677
4,56170,4,5453621
3,77918,2,2901628
4,91041,1,1369427
4,28825,3,3154796
5,24855,4,9185051
2,42235,2,6939526
2,98168,1,6196235
3,45295,4,6595982
3,30621,3,4911290
4,19535,2,6161960
2,65654,2,4639381
1,58895,2,8300970
4,46050,1,6513724
4,59169,3,8235932
3,18122,1,2966298
3,84545,4,7914613
2,68464,1,7413569
5,63846,2,7649355
2,10726,5,3377129
4,92866,5,1492029
5,58589,1,2364515
3,17795,4,4767725
4,27506,5,5013709
5,32720,5,8964016
4,77767,1,9449397
4,13312,5,4601763
2,13721,2,3836009
5,56395,1,4395748
2,60276,3,4715519
2,16274,4,6894988
4,54725,2,4615358
1,82969,2,9383324
3,24727,4,1005613
5,90234,3,1389622
4,11218,4,2115646
4,14187,1,7271848
1,36891,2,9609175
1,84384,5,6493199
4,35668,4,9913654
3,64883,4,7147881
4,60314,5,4580432
2,51074,1,1777664
3,65332,4,9060492
1,26566,2,5100412
5,57497,2,4709438
4,37571,3,4858782
4,75356,5,8338629
2,46492,3,1515680
5,39106,2,4860094
4,97735,1,3190081
1,15397,2,2745486
5,84934,1,9198386
1,81331,5,3794468
1,29770,4,6471221
4,51887,4,3796759
4,46917,3,7765317
2,34107,1,8296867
5,41014,5,4170054
1,68403,2,8724721
1,40578,1,4274077
5,20410,4,4769140
1,68250,3,8995842
4,41787,2,8708457
3,54346,3,7492926
4,30500,2,9945537
2,85876,4,6153930
5,80151,1,1974044
3,36270,1,8960792
1,89209,3,9537677
4,72812,5,2596470
3,42013,5,9057258
2,58073,2,5401990
4,43534,1,5278950
5,24478,3,6366688
4,23717,4,7361681
4,47159,5,1144090
5,17522,5,9839695
2,88368,3,2722532
5,31201,4,1547357
4,46900,3,1896819
4,15685,1,3413276
4,42916,5,6777729
5,96022,5,2538640
1,37363,3,6886892
2,13398,5,5391896
5,72772,1,6871849
4,69427,4,7718845
1,87482,4,8615916
2,82364,5,8897497
4,44352,3,6542725
1,68218,4,3629561
5,50684,3,7114818
3,58971,4,7483547
4,82127,2,2749818
3,20908,3,7342304
3,24985,4,8708513
1,68989,1,2055407
4,77851,1,2539364
4,47925,2,2898554
5,43910,4,9925228
1,44745,4,2755927
4,97412,1,6400855
4,18540,2,7007045
1,64646,2,3233741
5,58597,4,7938007
4,99830,4,5412529
4,19553,3,4827224
4,34060,1,2035820
4,18758,2,2287329
2,93247,4,5783632
5,27427,5,9097582
1,58278,5,2716270
4,47965,1,2614964
1,15430,3,7551546
4,51824,5,9975361
1,65256,5,4107518
4,57006,3,2490282
2,75747,4,4044966
4,25467,1,1421099
1,32182,4,2190546
4,78703,3,1795199
4,67137,4,3342863
3,19251,5,2833233
4,43821,5,6571090
3,20120,4,7163855
5,56183,4,7711567
1,52257,5,8761359
3,89086,2,5228678
3,14538,2,4934180
1,58817,5,2088604
1,10920,1,4753591
1,57294,2,7176788
1,68627,4,7275107
5,16507,4,8028960
4,23961,1,2885337
2,87142,1,3557803
4,70654,5,3811171
2,68306,3,5797803
4,62274,4,3032134
1,75274,1,3269359
4,11556,3,6380176
3,54738,5,4482366
1,70308,3,8607193
4,95181,4,5818023
4,32757,5,9102195
1,47598,3,3629981
1,68911,3,1835512
5,32178,5,2417866
3,34199,3,7730050
3,64688,4,7155886
4,94082,5,6177077
4,58436,5,6793065
1,71148,5,7340300
4,74286,3,3731615
2,50112,3,6424562
4,28697,4,8017705
4,58457,3,1481842
1,27874,5,1440594
3,62741,5,9331029
1,85549,3,2579032
5,13746,4,2303681
1,40589,4,1558582
1,38291,3,3473223
2,30776,3,8345372
3,67744,3,5536243
1,77236,5,6258216
2,96476,1,7592775
5,85259,5,7125751
5,49143,3,3625654
4,53870,5,8778375
2,33490,2,2765795
4,59681,1,4558972
4,70190,3,2669605
4,96605,5,1904133
4,40981,2,2729166
4,37540,5,8037948
3,39594,3,7501281
5,45072,4,8338483
1,73326,4,5629242
1,86008,4,9179265
2,70959,4,6212360
4,64685,2,8202463
3,49686,5,5971801
2,61966,2,4406581
5,99984,4,7078254
4,88731,3,7107288
3,14631,4,3220999
1,89727,2,9206544
5,98641,5,4562793
5,66125,2,7388723
2,62794,5,8607414
2,67111,5,5862104
2,93021,4,4225510
4,85301,4,1247799
1,53216,2,7791305
3,66745,3,9556118
1,67831,2,8938658
4,16007,5,5002975
4,71629,4,3934876
4,53994,5,5364165
4,89504,5,7105650
4,90629,1,3468722
1,39359,4,7498721
5,32390,3,8174308
3,37692,4,6187985
4,48804,3,4711146
4,85419,5,6548635
5,69774,1,5819511
3,98625,1,2145616
1,73505,1,3754903
3,66169,4,8023758
2,73043,5,3734788
4,79324,2,2225010
4,76685,1,4384768
3,89939,3,2602394
3,75109,5,1087894
3,12325,5,9497415
4,74279,1,5204347
3,36023,2,7465916
5,67536,3,3776805
5,56935,1,8535817
3,81304,4,2249845
4,43055,4,2846750
1,71141,3,3007649
2,80206,1,4651083
3,37354,3,4959736
3,32039,3,1274943
4,94582,1,3964990
3,24591,5,6911202
5,52112,5,7186542
2,73539,1,6488049
5,29971,2,3618199
3,11531,4,5597662
3,75481,2,7295264
5,40136,2,1640293
4,33279,2,5926286
4,50471,4,5554943
4,35261,4,8345139
3,93204,5,3364222
3,48951,1,8669792
4,45284,5,6636664
3,22176,4,9989671
4,30074,1,8094663
2,18855,3,6309923
3,41303,2,1094026
2,10584,4,5974830
1,15382,2,1291983
1,22520,4,6910585
2,84209,2,7566471
5,33636,5,8074117
1,80866,2,7066069
5,30705,1,1540421
5,49189,4,7232624
2,33699,5,1832538
3,69889,4,3227545
3,93292,4,6098474
4,35835,2,6285405
4,93477,5,8197784
1,23604,1,4381690
2,40953,2,7972098
5,41956,5,1190370
3,15243,2,8501356
5,26977,2,2759255
4,18683,5,1398387
1,38574,3,8027575
5,93907,3,4099504
5,11418,2,1852456
4,25625,4,8724721
4,76927,3,4896350
4,25548,4,7374415
5,46470,1,7703961
3,80709,5,7518602
5,36716,2,8404974
1,38446,3,2799236
1,63827,1,4407853
5,58036,2,2846623
4,17834,5,2306169
4,38441,2,9915930
5,72982,3,9600336
1,27520,1,7355848
2,39265,1,1009196
4,54021,1,7938007
5,29509,2,6901424
4,19570,2,6438500
5,33182,5,9991743
4,25932,3,1244069
3,80397,1,4373036
2,54548,4,6481433
3,16671,5,5643387
5,80168,5,1934750
4,45523,4,6904900
2,76607,2,7885077
4,10129,2,5643733
1,57246,5,4580535
1,91617,5,3813784
3,33798,2,3315221
1,38868,3,5809160
3,88833,4,4436359
4,94112,2,6919692
3,59469,1,4461785
5,65949,1,1235898
2,99975,1,2667273
1,10491,1,7320054
3,70360,1,2486007
4,85773,5,9669286
3,19119,5,5459101
3,56773,3,9322404
4,15896,5,2419086
4,83562,3,8178487
1,29356,2,7879706
5,32691,1,3381724
4,62999,5,1538451
2,61592,4,9799002
5,19697,1,6481705
1,95271,1,5866019
1,83944,1,4537656
4,21965,5,1633470
4,36167,4,8603450
1,47095,2,2313425
4,87159,2,1563754
4,13234,1,6933805
4,40579,2,8556221
4,58372,2,1730785
1,76157,4,1117627
4,35425,1,7815369
5,52714,2,5723210
2,64456,2,1093191
5,31498,1,4181652
2,59542,5,7852007
3,22128,4,3020294
2,32637,2,5602988
4,70277,5,3783123
4,94740,5,1455656
3,29693,2,7817606
1,90027,1,9453885
5,92019,4,2606973
2,61094,2,7624342
3,58255,1,3250082
1,11642,4,5536243
3,66693,5,8106369
5,71957,2,3257318
3,66548,3,2819890
5,66033,4,1835667
1,33698,1,7620070
4,43776,1,7822243
5,15161,4,3769738
5,75849,3,4739421
4,35663,2,7011970
2,46877,1,4451859
1,91746,2,1168567
1,71343,5,9876342
1,70597,4,8958280
1,23238,4,8332040
5,19141,4,8639675
4,62127,4,6025221
4,94108,4,7402879
1,91011,4,8069746
1,42119,3,5091375
4,64559,1,3115366
1,82004,5,5803656
4,54866,3,6270767
4,20031,1,4849584
5,56855,1,1184837
4,67813,1,6528790
4,95125,2,8102442
4,64687,3,6464166
5,39516,3,1941384
1,87286,3,7061867
5,37298,2,4639844
1,33049,4,8597554
4,13088,2,4583532
1,99092,3,8446638
1,64041,5,3176505
4,21153,2,6914022
4,92806,3,7556202
3,56860,4,6916844
4,87530,2,3173523
4,25932,4,8271101
5,85773,1,2334776
3,29151,1,9967442
4,15165,5,6750416
1,94020,5,1484169
5,42599,2,8960792
1,92216,1,8502275
4,99093,3,2273443
4,78175,2,7765784
3,40599,3,3337194
4,14897,4,2530195
2,59201,4,4793991
4,86510,1,1641081
4,50433,2,3533726
4,73323,2,6112035
5,95019,2,7475696
4,19425,3,9778283
4,68342,3,7811271
2,17274,4,5151343
4,42658,5,9387902
4,86497,2,5352009
1,12221,3,2414520
4,89157,5,9772239
2,90032,5,3180632
5,54774,5,6337169
4,18744,2,3531244
3,82626,3,3791652
1,95289,1,4774381
2,12148,4,6730460
5,93857,3,7978886
5,97394,2,8634636
1,76745,4,9131633
4,29700,4,3231278
5,78475,3,2273552
5,21149,4,6918450
4,83821,5,6743227
2,97109,2,7732400
3,52844,2,5176062
1,23423,1,7956580
5,31421,2,5370175
1,71313,1,4569240
4,71085,2,2976193
5,32930,4,2121364
3,27833,5,4749961
4,39633,3,9943327
2,89736,3,1817375
5,57913,1,5940056
4,42815,2,3378144
2,89551,3,9621581
3,23361,5,3963655
5,73107,2,9737716
4,89158,1,6179026
3,50171,1,8649948
4,66323,4,6441415
3,28252,5,9586908
5,98406,1,3151062
3,69135,1,4417259
1,91294,5,8122762
1,30374,1,7551611
3,14746,5,4388520
2,80249,3,3523622
2,60640,4,3132193
4,96489,1,9747646
3,79832,2,1959393
5,77526,4,9336666
4,26522,5,4909923
1,80891,5,2721896
1,14686,1,2982624
5,27752,2,3926806
3,61841,3,9971746
2,60601,2,6931926
4,84007,5,5260284
3,69571,4,5558206
3,76494,5,4466104
4,65815,5,9858581
4,18866,2,3763038
3,20621,3,7953021
3,90266,2,2873170
5,36439,2,4581483
1,93105,3,1239762
1,89641,4,3166554
3,68077,3,3359556
4,71896,1,1472186
4,20886,4,7400791
3,98189,3,5235992
5,11919,4,4244996
2,45538,3,3366710
4,34815,2,2080720
2,21055,2,2125129
2,78623,5,9881947
5,34582,4,9501660
1,45583,2,4862269
3,22063,4,8861631
2,78910,2,8114345
3,93648,4,1271380
2,66938,2,6587319
4,44869,3,1550717
4,32841,3,3191904
3,98531,1,2146900
4,26721,4,1043175
3,57885,3,8238055
3,43350,4,8036479
1,90138,5,9982007
4,93401,5,8906106
1,97378,5,6839766
4,79074,4,9984659
1,56851,5,2679829
1,75849,1,6698566
2,31686,1,2690819
5,76519,4,4366679
1,70467,1,5521801
3,98158,5,3615232
2,83604,4,8604282
3,21992,5,4330294
5,58646,3,4911877
1,81325,4,8463250
2,34234,3,4957608
3,48438,4,4539646
5,68746,1,1499807
1,34547,1,3706199
1,36828,2,2697594
4,63951,3,5297257
5,24793,2,2992077
4,63014,5,1960727
4,74754,3,8028594
3,59858,3,4732614
1,54611,2,5377100
3,15945,2,3540025
1,52968,5,9433085
5,86916,2,5349312
4,81024,2,8745294
4,11613,1,6318372
5,39972,5,7851278
1,69579,3,4552481
2,96811,5,7230496
3,56179,1,9713010
4,14973,3,9075978
4,85402,5,2435815
4,24455,4,4588993
1,34805,3,4008526
4,17236,1,2216771
4,50850,2,5175171
3,19283,2,5774873
1,44343,4,5940627
4,19268,2,9866554
5,60406,1,9749209
1,47223,1,5447314
5,10702,2,4924319
4,38396,4,3445217
4,31549,3,2930689
3,14312,3,5193422
2,87367,1,6566929
4,98902,4,1807699
3,41590,4,4909923
1,71177,4,4220799
2,60031,4,5092978
2,60821,5,9574864
3,38390,5,5351980
3,97574,3,5380878
1,76623,5,7848671
2,86764,1,4897651
4,74383,3,7414106
3,81139,4,6106784
4,43474,4,8040144
4,55510,3,6268662
3,41825,1,4044787
4,66605,1,2638192
5,64258,5,5178766
4,81279,5,1745345
2,65850,3,3735656
2,82998,4,2920406
4,91691,4,7269343
3,73929,3,8252744
2,99663,2,6302952
5,42552,5,5252114
2,46147,4,7691492
3,16797,2,2203253
4,55706,5,2263589
1,85514,1,2506778
4,65908,4,9775145
4,62750,1,9839638
2,41803,5,9390222
4,81313,4,5511464
5,74587,1,7315954
2,91195,2,9161348
2,88495,5,2656358
3,59445,3,1730785
2,64542,1,6978734
2,64142,1,3297281
4,95747,5,6320725
4,68187,2,5057719
3,53182,2,2043588
4,24752,2,5199974
3,42694,5,7246189
5,54571,2,7273487
4,34011,2,6577262
4,12976,3,9997563
5,58964,2,6010581
5,42835,3,6180978
3,81339,3,8663181
4,50603,5,6356442
2,62233,3,8958516
5,24630,1,9207709
1,83878,5,5989336
2,95119,3,6875305
3,86038,5,9390269
4,10991,2,6040892
5,64216,1,1152676
2,79744,4,8011709
3,46116,5,7862393
5,36518,4,1722800
4,92236,3,5501175
4,17816,1,4800219
1,80601,3,3315744
4,85135,5,9809199
4,42415,4,2033641
4,61607,4,2216088
1,59709,4,7914758
5,65256,4,9569113
2,38659,4,3014487
3,88758,1,4671575
1,76546,2,5063013
4,67701,5,7452570
1,76816,3,1473503
4,75696,5,7195225
2,99708,5,8017951
2,41332,1,5724853
4,59779,4,9576982
2,93936,2,4965089
2,90953,1,2871293
5,69017,1,1153002
2,97319,2,1091444
1,64844,2,8077556
3,61254,1,5826911
1,10001,3,1967848
2,84963,2,9173919
1,20163,4,6251100
5,16655,5,2940990
1,87252,3,5860663
3,17296,3,5778191
1,98992,1,2837008
4,17091,2,3318079
2,67175,5,8342756
4,86248,1,4702423
2,72215,3,6253539
2,32405,5,5988433
1,98067,3,8228591
3,45732,3,3760693
4,53805,1,6229214
3,85314,1,4615358
3,76174,2,9672728
4,76223,2,5048680
3,66850,4,9973107
4,50106,2,2466652
3,74753,1,9576238
4,95325,5,1390058
3,47020,5,7856103
3,51574,5,7682052
2,81133,4,1599297
4,47021,3,7394895
4,54522,3,2635238
4,87021,3,4810707
3,36261,4,9437421
4,31158,1,1709803
4,47608,3,3633626
3,35825,5,3265901
4,53902,5,7667840
4,73590,4,8301047
3,39416,3,6440688
5,63320,2,9575082
2,53762,1,8538798
1,49498,1,2337183
4,59585,2,8562913
1,52894,1,5210553
3,12424,5,7281934
2,60996,2,1587183
1,96793,3,7948677
5,38782,4,8084529
5,86774,3,2816510
3,91687,5,7154514
1,19846,5,6538216
3,96506,1,3915536
3,61528,2,8684313
4,78473,4,4225964
2,60066,4,2212851
3,23968,3,4890140
3,46336,2,3676844
2,90939,4,2216557
4,52849,1,1614925
5,85641,4,3105724
2,50973,2,5174262
4,66276,5,5625709
1,51536,1,6102517
4,49702,1,8195011
4,47172,5,2528032
4,69566,4,7788019
3,88076,2,4607149
3,66014,5,4956235
2,32620,3,5288428
3,42096,1,7708543
1,72700,1,1871669
4,47465,1,9911986
5,81446,3,4508343
2,18411,1,2709186
3,10347,1,7128814
4,50588,1,9565766
3,73557,3,3281602
5,42528,1,1633850
2,26588,2,8737968
5,13070,2,1303376
5,21622,5,7597715
5,39411,1,5175831
2,73141,1,4217758
4,51357,3,4318943
1,74025,2,9490856
2,80401,4,6823703
4,59842,1,5750384
4,65263,1,6068554
1,95442,4,7626921
1,61105,4,5950301
1,66057,2,8308598
4,46909,2,9810694
1,82408,1,5908843
2,58584,3,7805605
3,77188,4,2264028
1,60871,1,5790681
1,30386,5,8864616
4,22823,5,9982007
4,69687,5,9516883
3,23202,4,8813960
2,50293,1,4138305
1,25245,4,3533517
4,19962,3,4274515
1,69122,1,9585039
1,36035,1,8041114
4,67858,1,2979481
1,23489,4,7015955
5,48239,1,4963845
3,88167,2,3155298
1,17481,4,7339052
4,45235,1,4111127
3,43597,1,8981047
2,47207,5,8473126
1,99930,1,4891230
1,46073,3,4672787
5,90494,2,2360318
2,76178,5,5047113
2,21705,2,7594511
3,65905,4,4124888
3,52488,5,7375159
5,99788,2,4884042
4,18484,4,3015565
4,92311,4,3204029
5,27874,1,8147173
4,66083,5,6015895
4,41635,3,9905163
4,57126,2,5599034
3,25454,1,5251653
5,94124,1,5389292
5,76584,1,5275493
4,16439,3,7396886
5,33129,1,9874709
4,39052,3,7736004
4,24778,3,8312142
1,25919,5,9628096
3,56556,2,1133750
4,73158,4,3081775
2,18992,3,1199534
4,96071,3,9173919
4,54537,3,4148225
4,47801,2,9881947
2,16974,1,1965906
4,80103,4,4435394
1,53622,3,9914807
4,60155,3,5267932
1,21720,3,3799012
1,60592,4,4874607
2,71984,3,3681234
4,97030,5,2855112
4,99742,3,1096515
4,55205,2,1430765
1,90609,5,4581483
2,33067,4,2435764
1,38907,4,4629690
4,42942,2,2726748
4,89073,2,6952312
2,68357,4,7327908
1,18053,2,9509565
4,33636,1,8638823
2,89215,3,7000781
5,59808,5,4264545
5,78114,2,1772707
5,26827,3,3260917
5,87343,1,8874888
2,39341,4,7026755
4,91173,5,9504834
2,14976,2,6500332
5,95154,4,3194965
2,34030,1,2089307
5,93904,2,1754861
5,26972,1,7741689
4,37776,2,9866676
4,68750,5,2379016
2,55015,4,2393400
1,33389,3,4654697
2,46926,4,8458612
3,69346,5,8069746
3,99819,2,7182425
1,71960,2,6030613
2,38608,1,8764033
4,39189,2,3716847
4,86280,1,2092350
4,69870,4,4579061
4,56268,1,8548819
5,15445,5,3850422
1,15346,2,6607573
5,44398,1,1823601
4,72663,4,7078254
5,38827,4,6261864
2,30824,4,4188748
1,19816,3,6059473
3,48684,1,8769614
5,46202,5,6909785
5,68932,3,7042207
4,24427,4,6995057
4,57421,5,7526756
4,63361,3,2288382
1,51333,5,4264894
2,58174,3,1578310
3,94240,1,9846252
2,54706,4,1006006
5,73439,3,2670150
4,86502,3,3779945
5,20103,2,7187696
5,51960,5,8855575
3,76362,5,1231930
3,85911,2,7394895
1,13942,1,7344254
1,50607,1,8500458
4,32694,4,5694700
5,53167,5,9780759
5,82971,1,4454974
4,30495,5,5865910
4,72968,3,5415893
4,24279,5,7970053
4,32344,4,1110069
4,80471,4,1939559
5,65049,5,7046702
2,33483,1,8202626
1,82274,1,4413653
4,66963,1,1535485
5,68522,3,1333439
1,39970,2,4700643
2,49418,5,7023866
2,78725,2,7135078
5,80200,3,3478528
4,14056,4,6331870
4,78007,3,5801747
1,24260,1,4875267
3,19577,4,7409964
5,89308,2,7725298
4,61466,4,9355326
5,59493,3,8161790
4,23128,5,1853523
5,61749,1,7106033
2,68712,1,4791876
2,48455,5,8361578
1,27676,2,8082315
5,42654,5,3333573
4,27728,1,2262611
2,72272,5,6909904
1,27617,1,5993197
2,20919,3,7852580
5,80672,4,4315806
2,52613,5,5771717
4,20718,3,1327380
4,77842,2,2376955
3,70088,4,7687871
3,30608,1,8375206
5,60172,3,5610365
2,73535,5,3812092
5,10930,4,3297993
5,52282,3,9316847
2,57279,4,4332802
4,86871,4,8266635
5,57157,4,6695585
5,17675,2,8037948
2,81408,4,9488564
3,12314,3,1817375
2,84561,3,4438075
4,38517,3,7508090
3,29868,3,9905163
4,68035,4,6705637
3,73758,2,2541456
4,52063,1,1627212
4,20024,4,2993236
4,12206,1,4435975
1,89065,2,1235898
4,17677,1,2344849
1,67733,1,1382058
4,69376,1,7986157
1,93467,1,7995220
2,45784,4,1024717
1,75742,2,5302211
4,93979,4,4214043
3,48486,2,7616380
2,18745,5,7975520
5,76305,4,1907938
1,96721,5,9891843
4,28092,2,6964336
5,17621,5,9453744
4,27682,5,8549109
4,23509,3,6110847
5,40275,5,8684313
1,66881,2,9564564
2,34263,2,2482167
4,62473,1,4043234
4,61738,4,5304221
1,14013,4,2162728
1,44876,4,3107134
4,40798,1,5462681
5,65459,5,3598718
3,27233,5,9570311
4,10077,4,2376516
5,34156,4,8130573
1,68846,2,6331870
4,11071,1,8507422
3,92291,2,7673673
1,95980,3,1383737
2,44585,3,6280585
4,94013,2,9853431
4,54738,3,8128282
4,59537,5,7676738
4,31152,1,8253281
3,54012,2,6364184
3,87843,5,4125332
4,10269,4,3208389
5,24662,4,9193379
5,99074,2,8921242
4,76600,3,6996549
4,73517,2,4512614
1,38005,2,5653863
2,96358,1,5279796
5,60524,4,9355290
5,13318,1,7851479
3,69390,2,5214954
5,20778,4,7982953
2,38787,2,3515778
3,59549,1,2933867
2,58423,3,2798530
4,11115,3,6203209
4,32029,3,9880946
1,97839,3,4848187
2,20823,1,4587690
3,74255,5,5166647
3,86192,1,5243704
3,20667,2,3563676
2,56951,3,8869030
1,28914,2,9164474
5,69117,5,7587240
3,52259,5,8765751
5,99568,3,8150497
2,36078,2,9278613
4,98695,4,5318435
2,28767,3,5429200
2,21474,5,5081009
4,36997,2,3374704
4,92077,3,6717036
1,44695,1,8971563
4,49963,4,3022209
4,91235,2,6313041
1,10737,1,7312771
4,32370,5,3516901
5,42577,2,3629349
4,29415,5,9200816
3,61324,5,5730349
5,50254,1,5611706
5,51116,5,1580981
4,63596,2,7026755
3,71953,1,7187454
4,69986,3,3256151
4,78966,3,2435193
5,16358,4,5422359
1,25950,5,9278448
4,18819,2,7354844
4,62545,1,2560025
4,29456,1,9931346
1,18808,3,4191294
5,72384,5,9787052
4,45047,1,2430511
4,64807,4,3400586
3,65755,2,7624045
1,72055,3,9045527
2,37611,4,9967809
4,28743,3,5582449
2,14787,3,2237732
3,48773,1,3938582
3,22060,4,2088783
4,29931,2,4333622
1,62384,1,3386786
2,86260,5,3948502
1,73326,1,5747547
2,60700,2,8142037
4,14491,4,2679613
5,17536,1,1701791
1,27112,1,6489033
1,38707,2,2273549
3,19028,1,4187637
5,26651,4,5163608
5,18897,2,4330294
5,39192,5,7948441
3,25191,1,3815296
5,63734,2,1736849
3,53487,5,2364515
4,22859,2,1134013
5,19072,5,4243170
3,15937,3,5408128
3,55077,4,7648303
4,57742,1,2436202
2,87319,5,4272541
1,36466,5,3107289
5,11134,4,2061942
5,11054,3,8184190
3,28932,3,9989671
3,54058,4,7879611
4,34438,2,7903255
4,93102,4,4548936
5,40008,2,1996711
3,59980,4,9709509
4,39136,5,5730758
5,31434,2,6401048
5,83832,1,6547517
4,73482,4,5243704
2,98753,4,5826714
2,76889,4,4412151
4,31452,5,7594416
4,56403,3,5909768
4,71966,4,1085097
3,39558,1,8299897
4,48873,3,4155815
1,40427,3,3193264
4,38290,2,1785868
4,78540,4,8028580
5,98183,5,5059048
4,70126,1,7641445
4,71843,3,3028485
1,12270,4,3184099
1,75282,1,3106928
3,82429,5,1500468
4,99142,5,2440090
4,50224,2,8604532
1,20371,3,4384768
4,99946,5,5002975
3,10051,2,6298354
1,24612,4,4293648
2,72515,3,7865677
4,16132,2,5948082
2,21600,5,2337183
4,63068,4,6192840
4,42098,5,8732533
4,43597,4,5338039
1,23527,5,6782714
2,47231,4,6192507
1,74073,1,5125400
2,17852,5,5698847
4,23141,5,8325363
5,60181,1,2897870
5,18540,5,7035140
5,97219,3,5731289
4,56503,2,8973364
5,43939,5,2970313
3,60289,2,1301945
4,26705,5,8540836
4,40431,1,7331340
3,82520,2,8708418
4,93066,1,8923072
3,23014,1,9822326
5,91157,3,1865734
2,30585,2,2713863
4,61942,5,3755659
1,42075,3,2539125
5,98503,1,8818404
4,78406,5,9981046
2,13512,2,6550257
2,78458,2,7210409
5,58587,4,5349573
4,62851,4,4213948
5,31873,2,7422774
4,73850,5,5795994
3,88637,4,1800532
5,90274,4,6240713
1,52525,5,6117400
1,46733,2,7071178
4,37713,1,3122059
2,12020,3,4399579
5,45932,5,1207404
5,10492,4,2394192
5,38633,3,2796259
2,90383,3,4856582
2,45646,1,1679551
4,25490,1,9182112
5,90147,2,3881149
1,89500,2,4916420
4,60617,5,1490318
3,30305,4,6969224
5,22313,1,3520313
4,89337,5,1859105
4,29878,4,8950743
3,33016,3,1521569
3,44666,2,3170897
2,56245,2,1134013
2,63815,1,9603154
2,68070,5,2041503
5,76570,1,9887180
5,75177,5,3005793
4,81842,2,8938658
2,79708,1,2221399
4,62553,5,3149205
4,97325,2,9378873
4,71884,4,6091380
1,46864,1,5868189
1,65549,2,8192235
4,72770,2,9885011
4,18884,5,6102551
5,62555,5,4785320
2,87929,3,4738667
4,48184,5,5607625
1,98529,5,8222876
5,67619,1,9059445
4,70616,2,8315170
3,18821,1,7651249
1,35173,1,4777436
1,45456,3,2658859
4,59003,1,3777305
4,52436,2,9414175
1,73531,4,3579777
4,54157,4,9504379
4,75680,2,1066679
3,68760,5,8324276
1,52503,5,5926496
3,69547,5,3898787
5,57191,5,2703304
3,81035,5,4503498
1,51411,4,3332898
4,24243,2,6822247
1,64841,3,4878737
2,99241,2,7221744
3,10648,3,6708283
4,24049,2,6476526
3,83410,1,7353722
1,98502,1,9915132
1,15026,3,6909785
5,94590,3,4581115
1,39171,5,7834034
1,18344,5,3628252
4,43167,2,5868384
4,32655,2,3868407
1,42821,5,1839950
5,19754,5,1222343
5,52827,3,1472186
4,83618,2,7429124
4,62769,5,1850568
1,12904,1,5415893
4,73712,2,5812492
4,84941,3,7163855
3,93634,1,1561087
4,89975,2,5754819
4,36758,5,4228793
2,93075,1,2984074
5,22663,4,9170165
2,55572,5,6410455
4,89314,1,4037024
4,30971,3,5329485
3,57843,3,2256532
1,59733,3,2847116
1,80953,2,3039964
4,72304,4,9073805
2,43060,4,5694500
1,30689,2,2897539
5,25126,5,3677127
1,58766,4,6867481
4,30669,3,8172181
1,59271,2,5845709
1,67756,1,3809730
5,47613,2,7219925
4,66921,5,8795082
4,63625,2,5092612
5,61566,1,2096838
2,59387,5,6962743
4,82456,3,1866923
1,45875,4,4542142
2,19832,5,5628098
5,68701,5,4343962
4,97038,5,9866982
1,97048,4,7472620
4,20673,4,8733560
4,91167,1,7812138
4,87242,3,8488317
4,35593,1,7170884
3,77804,5,4346145
4,34616,4,5888661
2,60065,5,1677181
3,27434,4,2281857
5,59583,3,6318219
5,43210,4,5192431
4,63454,5,9023475
4,60163,5,9594961
4,11216,4,3737271
1,74418,2,2391167
1,63009,2,4931741
2,31289,5,1339087
4,59711,2,8207138
4,22351,2,7424011
3,92503,5,6528790
3,12783,5,8831211
2,92303,3,1766063
5,44920,1,5029510
3,67097,1,5952381
4,86018,5,5471182
1,56761,2,4504803
1,14268,2,8286869
3,51948,1,2935058
2,93815,2,8518650
3,12068,5,1383729
4,86590,3,9567664
3,63713,3,8568670
2,79033,5,3032134
2,69859,5,9161348
4,65542,5,8160861
2,91940,3,4029750
4,43946,3,6518269
3,23199,3,2313425
3,57978,1,6941309
2,43677,3,1005613
4,50750,4,8502275
2,13881,3,7784968
4,22426,3,7361509
4,56196,1,6449203
3,49593,5,2357323
5,50044,5,2122635
4,57119,4,3685420
2,75457,1,6255302
1,63910,4,2061978
4,21198,5,9571608
1,34514,2,6522839
1,93203,4,9551401
2,13845,1,5092578
5,27375,5,2970313
2,94232,1,7956013
3,47162,1,7237989
3,79936,3,8293300
3,67147,3,5242487
4,69974,4,2158019
3,17847,4,9985197
4,51188,3,4073219
4,40149,5,3061923
5,15152,2,7080185
3,33969,2,7474931
3,98319,2,7486945
5,82751,4,1053745
4,96262,5,1921923
4,81893,3,1502924
5,77509,2,7719333
5,64466,2,4845620
3,59205,1,6910339
1,16881,5,7369755
4,11238,5,8117251
5,98275,1,5184209
4,36062,1,4102227
4,73187,1,5589257
3,17064,3,7922105
5,27862,3,2067398
4,85894,4,7286761
5,33378,5,5171210
3,58104,4,1131387
2,28607,4,1226504
2,64039,3,8289738
4,27841,2,9131804
1,74972,4,4147036
5,57026,5,1247238
4,60488,5,8590247
2,52161,5,9335063
1,64006,1,4311892
1,55783,2,6390855
2,29777,5,1571215
4,35944,1,6061296
2,88579,1,4539646
3,67858,3,9983070
5,86803,4,8942758
1,77513,2,8029249
5,44286,4,5948281
4,94984,1,4862269
1,89312,3,4017157
2,64399,5,2423835
3,40548,2,9799002
5,81356,1,8103110
5,19720,5,2564056
4,88756,5,1545997
4,81280,4,8485313
4,50885,1,3959255
4,22080,4,3671584
3,86520,3,1018673
5,29074,2,8007528
3,77558,1,3171555
5,23877,3,5610365
4,74394,4,6153826
2,49409,4,5048120
5,69862,1,2951887
4,50195,2,1898517
2,27534,1,6155708
4,36844,5,7508090
4,24279,1,4820408
3,37252,5,9641683
2,75435,3,6142038
3,84902,2,2277386
5,82022,5,6142715
3,56174,2,3500783
2,42969,5,9664330
4,36730,5,9586691
3,10521,2,7409769
5,92288,5,5360133
2,25293,1,6764551
2,93417,2,6676141
4,22272,4,5904696
4,81193,5,4913821
1,23878,3,8309357
4,87700,1,2908688
4,36444,2,2019130
5,78567,2,2192153
1,80923,5,7221744
4,18747,5,4024124
1,98639,1,6354852
1,33629,1,9263302
2,77628,4,5516814
5,16269,4,6719917
2,78458,5,7639205
2,94220,3,4161862
3,68753,4,6780627
4,33846,4,3590692
5,74410,2,3472967
1,12467,1,5903943
4,63604,2,6894988
2,49753,5,9741051
1,25567,5,1525780
4,23344,3,9173536
3,73733,1,6703290
1,40113,5,2569731
3,32297,3,8138005
4,43890,4,2158019
4,79968,4,4614258
1,80654,3,6982897
4,62233,3,3029157
4,25216,3,3153285
2,50830,5,7884562
4,30760,2,1305898
4,83739,3,2023524
4,14059,1,9236252
2,88966,2,3856876
2,47438,2,7417202
1,65488,4,3830494
4,59474,5,8948683
5,24080,5,1572630
4,89608,1,3203161
3,87002,5,4381297
1,20421,1,2130396
4,51462,3,7439869
2,87673,2,5607443
1,52452,1,1569933
3,62257,3,3709797
4,44703,5,3883239
5,56163,4,3511522
1,38401,5,9712029
5,86946,5,8236301
3,49208,3,3209080
4,10152,4,5496834
3,99962,2,4298182
4,13904,3,7206039
2,73889,1,4622171
4,96508,2,5178597
4,41956,5,7664396
4,20356,1,4084367
2,34557,2,4226707
5,31408,2,4862184
3,86973,5,1127553
5,67050,2,7885421
3,82982,3,4137868
2,72693,2,8892007
5,21898,3,1602194
5,91704,5,8579608
4,77670,2,3531244
2,41574,4,1916063
1,53298,4,2095445
4,45139,2,3811171
4,39720,5,8621291
3,77147,4,9066814
2,73463,5,3686545
4,96592,1,4347410
5,92620,1,6756769
2,99128,1,7596284
3,16312,2,8758536
4,31251,4,4784796
5,45103,4,2568680
3,10276,5,6144406
5,41022,4,9414687
4,19316,4,8060317
5,53112,2,9586691
5,71096,4,8993291
2,19468,5,8979946
4,44444,3,5051622
1,31886,1,4025158
4,19836,1,6059473
5,34619,5,8233062
4,57111,3,1306562
2,20612,4,2719227
2,99032,3,2556915
4,62644,5,6401146
5,58451,3,5450668
3,67255,5,1260893
5,57894,4,9614603
4,94205,3,4333151
4,82313,2,3107289
2,18612,2,4099314
1,55488,5,3333381
4,62496,3,1239895
4,44541,5,7731265
4,68464,3,6965011
5,95925,3,5667013
4,35058,3,2818111
1,53463,1,8020621
1,20417,4,1112545
3,77331,4,2201462
5,40785,2,2083468
1,85409,1,7619541
4,41792,2,1180059
1,14457,4,5521801
4,26671,3,5705388
1,26007,1,6533558
5,57075,4,5174262
3,59006,2,5093320
4,70131,5,1849679
3,16015,2,7761197
1,30452,2,6030479
1,39912,2,5657155
4,79058,4,1390309
3,79620,2,7548840
1,55602,2,5454124
2,86878,4,5327624
4,87605,3,2103399
4,85721,1,7773947
3,99593,5,3387577
1,51214,2,3204317
1,97377,2,9594918
2,89165,2,2859898
2,88223,2,3107249
5,61750,2,2797518
5,69459,5,6121991
2,91991,2,4963166
4,92358,4,1998611
2,80836,4,2895722
3,68163,1,1797497
3,45150,3,3201583
2,49384,2,5710152
2,50492,4,4701130
4,25141,3,6094782
5,99012,3,7924901
3,50559,5,2434055
5,80817,2,1536475
4,96702,4,4451886
2,21150,4,5529389
5,20269,2,5958149
2,64615,3,7914758
3,83979,1,8651509
1,15592,2,5565858
5,20052,3,4021465
4,38118,2,3673481
5,52797,4,9705297
3,19428,5,8470890
4,32905,2,4504102
4,68252,2,5923080
5,50511,4,3715678
4,94426,2,5305604
3,43304,3,9860742
4,12505,2,7713836
5,58681,5,4251036
2,91352,1,3288477
5,31900,4,1878930
4,17666,5,6195198
4,64198,3,3176882
5,13311,4,2948631
4,30847,3,1133015
3,87307,2,6102997
3,14652,3,8556984
3,55776,4,7741529
3,76775,4,4571843
1,32180,2,4825031
5,91799,1,9772721
4,44415,5,6212360
4,84245,3,7850295
4,63513,3,7434966
4,79216,1,6014038
2,66009,4,7582353
5,58186,3,5565757
2,47037,1,9815994
1,43944,3,5802248
4,35758,3,9948795
5,68868,2,5321832
4,41644,5,8714609
1,71208,1,9050570
4,92951,4,7707483
4,11537,2,6059672
5,99517,4,1586559
3,62007,5,5826581
1,31389,3,5749953
1,58209,5,2008302
2,53729,3,3915442
4,21369,4,4575979
2,65197,1,7914758
5,92609,2,4531592
3,99650,3,1916512
4,93586,1,6013537
4,43407,4,4147897
2,54705,2,8053312
4,40466,2,5756173
2,73587,4,5860944
4,78660,3,3021084
2,86708,2,2183345
4,88399,5,4800219
2,45737,2,7576868
4,99926,4,3900847
2,18724,1,6155683
4,81944,1,8367835
2,82901,3,4011142
4,33049,4,6378500
5,84723,4,6131993
4,25741,4,1382506
4,17227,4,8997066
3,93162,2,2318051
4,38372,1,1256024
5,17281,3,7690525
2,47765,3,7899337
4,74545,4,3885016
3,68905,4,8113397
4,49854,5,3852748
3,88302,1,6806753
4,98951,3,2445188
1,33955,5,6498175
3,17993,3,6684727
4,75335,5,2034301
4,21010,2,3978314
4,98163,4,1663189
2,86557,4,5357017
3,88217,2,2331197
5,60730,1,1197692
3,49587,1,2244312
4,95847,3,8635423
2,15200,3,4531680
5,34728,5,8602668
4,36486,5,2277386
4,72806,1,8242227
1,87438,2,4128806
3,28549,4,2231145
4,99289,1,6821504
1,91453,5,6510347
5,73921,2,5043336
2,28660,3,2373267
3,31272,3,5488365
4,31470,1,8345372
4,63228,1,5826217
4,75586,3,2361151
4,94827,2,5272356
1,34809,1,5845401
4,25118,4,5021677
4,85788,1,9378873
4,61098,3,2576169
4,23019,1,8737722
4,46075,3,7455978
2,17553,2,3533517
3,51859,1,9544307
4,69203,3,2404207
2,28599,1,7619357
1,73044,1,4744989
4,20574,2,2254995
2,37242,5,6960291
2,57107,1,7372183
2,24572,2,3880440
1,47386,4,2590338
4,99627,5,7123047
1,81409,3,2729771
2,57342,5,1437472
4,65488,2,6837967
3,56685,3,8187955
4,62238,1,3280342
1,85416,2,3333081
2,45268,2,4243159
3,82474,5,5981504
5,11884,3,7851479
4,60742,2,4218800
3,16645,3,3958209
2,38968,5,4523974
1,99161,4,1123368
2,53961,5,4474180
3,33055,3,5426385
5,79512,1,4631447
2,94732,3,5036631
4,64635,5,7075534
4,40259,2,4508999
2,71829,2,3338713
4,15615,3,9464354
4,87836,5,3520313
5,97112,2,5422359
4,52073,3,2634553
1,54859,1,1640293
4,93845,1,9877999
5,91863,4,2137256
3,58307,5,9637569
1,69287,5,1231352
4,31899,2,7801056
3,25945,4,2895112
1,44055,1,8165515
4,13381,5,7566471
5,30539,3,8859028
2,63414,4,1448780
1,66315,2,7996608
4,87611,1,7804885
1,81422,4,7110115
2,20124,4,7982953
1,53706,2,8492500
5,80917,3,5845623
1,36099,4,4866180
4,96512,3,3499882
3,97281,2,5262248
4,22589,5,9913654
1,88861,3,5152017
3,34164,5,1721011
3,51692,5,6865403
2,92779,3,3229420
1,12007,2,4174703
2,40669,3,4619501
4,30588,5,7759615
3,19405,5,7413569
4,17753,1,6940858
5,60987,1,7450245
4,92774,1,6498786
2,96350,5,8558580
3,69228,5,5020254
2,16752,1,3333081
4,16859,4,5007080
4,99684,2,6839655
2,16049,2,1911749
2,20517,3,9988377
2,20709,5,1393798
1,28814,2,8098335
5,10098,1,5244088
4,84786,4,5152476
1,42422,1,4593572
5,93573,2,2102524
4,96940,3,1465081
1,33749,1,7261144
1,42672,1,8929224
1,57791,2,9243765
1,58373,3,7035569
5,40924,4,5904696
3,27033,5,8538556
2,53521,4,3650495
4,56086,3,6786149
5,29505,1,8237646
3,60293,5,2486007
4,90669,1,8802298
3,93358,5,2038238
4,62676,2,3312850
2,81312,2,6380176
2,75092,1,1248222
5,54200,3,8479671
2,13716,2,9760698
5,86291,1,8297927
1,31499,1,9436748
4,36578,2,1703402
5,59944,1,4431097
1,84784,2,3812284
5,62249,2,6091380
4,65907,5,5228438
3,97270,1,3154796
4,78064,5,3992283
3,67387,5,9552905
3,26601,4,9462923
1,23114,2,7127301
4,65993,4,2794815
5,17060,2,7363427
3,47726,4,9098107
3,21258,1,7714925
1,44221,3,6342526
1,67189,2,1211209
2,72775,2,4660036
4,76166,2,5327302
2,31787,4,4169929
1,46160,3,3313854
3,57558,3,1307471
4,81818,5,6119178
3,45067,2,1681414
2,36668,5,4869570
1,54302,4,3999285
5,17753,1,2833411
4,85294,5,5422359
5,18523,3,5120680
4,75920,1,1500086
5,19844,3,3852748
2,27607,4,6703696
4,24890,3,3969344
4,81915,3,8396912
3,91229,3,9888581
2,73405,4,5425937
4,38745,1,5325147
4,76438,4,9315201
1,42614,3,7189966
1,71059,4,1301945
1,42029,5,9761268
4,67728,4,3126582
2,53662,2,6359413
4,10669,2,9169718
5,57452,5,6805783
3,33054,1,9611776
1,61096,2,8919024
3,12747,1,5174262
1,61346,5,1131009
2,80365,2,2378433
3,25021,2,1975404
3,35144,5,3304725
2,74799,3,7972602
3,63098,4,2650398
4,80268,3,8987061
4,59902,1,1073625
1,28530,3,2654821
1,48151,2,1849838
1,94207,2,8877480
1,46079,2,7711567
2,69236,3,3757731
5,18769,4,7975520
5,53796,5,5658547
4,23061,4,6093241
4,91805,5,9247984
4,96499,1,4512361
4,86167,3,3786569
4,60493,4,9067022
4,11284,4,8579608
4,32404,3,1540151
2,69232,2,2071961
5,57019,1,3617838
3,79817,4,9348562
3,79597,1,5688494
5,61547,4,6392735
5,94557,5,5109130
5,47894,5,3779945
4,46955,5,1123368
4,78162,2,7138636
1,68563,3,2175341
2,67608,4,6756769
4,34349,2,3025931
4,84149,5,4338869
1,87444,5,4074986
3,20868,2,9516370
4,52023,1,1398387
3,98131,4,3438708
5,91929,4,6396892
5,61104,2,9438371
1,71470,4,7195459
5,55921,3,7856239
1,13156,5,7585884
4,65200,3,7639205
2,68171,5,9943316
5,35493,2,4207069
4,46144,1,9363221
2,66977,3,4514153
1,99654,5,6904939
3,99402,4,8503447
1,57820,3,4089460
1,46461,5,1488610
4,62546,2,3794105
2,54449,3,2784778
4,61078,4,6145824
1,56520,4,3940713
1,38664,1,9241068
1,91081,2,3759904
5,39123,5,6371074
1,71256,3,5986136
4,32997,3,6324065
1,94118,2,2931396
4,46902,2,1339404
1,56926,4,7454629
4,77283,5,5758821
1,47442,2,6588534
4,72768,5,5553792
2,97690,2,3169739
1,16258,4,2832294
4,32496,1,5291365
1,60861,4,4247745
2,47205,5,5010702
1,55363,1,4107606
5,96302,2,8337803
3,35992,5,3008149
4,87879,1,8735501
4,88993,2,8599004
4,86937,3,8742615
4,31740,2,3191979
1,64208,2,5926878
5,16017,5,2447379
2,82207,2,8523076
1,13757,5,1569933
1,74772,1,4659688
4,31262,1,2933867
3,27396,2,9277650
4,99641,5,7484116
3,16286,4,7335757
2,96028,4,7878007
3,66597,5,8696744
4,77338,2,5709721
4,27059,5,8197334
4,44003,1,7587997
5,39773,1,7324902
4,20207,1,2125543
4,99349,2,1955864
1,91751,4,9684984
4,88411,2,8260278
1,56276,1,3705835
4,77109,1,8312142
1,43279,1,6392307
5,98966,3,7356061
1,56107,4,8197755
2,46220,4,2673008
1,93101,2,8970636
5,81406,1,6268707
1,34666,4,9341735
1,19975,1,2570953
4,85468,3,2814287
2,68936,5,4568305
3,27426,5,1479331
5,35069,5,2704874
3,70910,3,2287329
1,42536,5,5305879
4,97984,2,1239766
3,97652,3,5477327
2,43683,1,5710077
4,76938,4,7290447
1,61057,3,8157025
1,49293,2,7667111
3,54480,4,7286293
4,76021,4,3365151
5,25890,4,2146900
1,98069,3,2571157
1,96432,1,7422774
2,57451,3,3311272
1,16512,4,4370827
4,45522,5,5134711
3,36695,1,3004328
4,76726,3,9751223
4,40658,1,8987852
2,92482,2,6201469
1,39067,3,6890771
2,93059,1,9047098
1,65077,3,7667680
4,37512,3,8732533
4,97882,3,5438991
5,39193,1,1485065
1,25942,4,7754532
2,67062,5,4650740
4,18820,3,8564078
5,19069,2,7629468
2,75046,4,2678395
3,52124,4,6072259
1,77028,4,4932617
3,12245,2,3315856
4,65483,2,8529045
2,27840,4,4163430
1,14861,2,8410727
2,47183,4,9761559
1,14095,1,1793226
2,45839,1,4485879
1,59549,1,2734030
1,67428,2,7144628
3,50243,3,8599536
3,41988,3,4981288
1,41641,1,4723717
4,77681,5,9226884
3,92263,4,5720882
3,17778,1,8999957
3,22045,1,5973902
4,41180,2,6685421
4,86073,5,2430683
3,86222,2,9737383
4,27899,4,3948502
1,36781,3,3195526
4,77177,4,2885337
2,42559,3,2204881
5,15987,4,7109074
2,28806,3,9321263
4,73541,1,9675043
4,81555,2,5976612
1,74909,2,5747547
2,11526,1,1009725
2,92874,2,1793452
2,22170,3,5958482
1,93036,4,5069384
1,93773,4,7532422
3,51489,2,7574768
4,26741,5,1684342
1,52799,2,2974770
1,30020,5,4025158
1,71137,4,7590390
4,55876,5,4155259
4,17383,2,3270555
2,59230,3,1189232
1,25712,4,3949155
2,75620,2,8859028
4,35909,5,9555888
1,44756,2,1421980
4,18028,5,7035140
4,50994,3,8826867
1,31414,4,5995673
3,28077,1,9438203
2,34334,4,4627751
2,69006,1,2951887
3,66111,5,2402307
5,98888,5,3048973
1,12920,2,2281980
2,80831,5,9928610
2,96052,1,5471182
4,38385,5,1427078
2,14601,4,7791305
1,68641,1,6679479
5,83018,2,9925508
2,55589,4,3801306
4,64203,2,5129619
3,38543,5,3761582
4,71269,1,4951272
2,62893,4,7182940
1,25957,1,8607510
1,52297,5,5960721
3,33760,1,8619436
2,43348,5,7096163
5,21073,3,6576999
3,88844,5,6731191
5,43846,4,4738667
5,74070,5,1490537
3,69677,2,5600953
1,99724,2,6401951
5,96766,1,4461785
4,57811,1,8609652
5,58754,3,7466337
4,99677,4,4989726
2,37326,4,4847919
2,63232,4,1231930
4,45358,3,9976371
3,66257,2,2187262
1,68147,1,3179712
4,88011,5,7125355
4,33177,4,9490712
3,28284,3,1381102
2,10485,5,6488162
3,35214,4,1139021
2,26394,3,5862104
5,11295,5,2496127
2,67273,1,2628785
3,66311,2,6455786
4,48963,2,8404974
5,72933,3,6932805
5,72350,4,8008405
2,32293,3,7299610
2,49685,3,9016779
4,84174,1,8803404
2,80721,5,5864267
3,48788,5,4763262
1,18621,1,7286293
2,20788,4,2976193
4,90412,1,8000917
4,57197,3,2056725
3,90093,2,8823640
5,46853,1,8919024
2,89616,3,5133740
3,78556,5,1390309
4,89751,3,1533877
3,94956,4,7256125
1,71178,2,8541257
4,93960,3,7465916
4,33355,5,6985404
4,70502,3,4876495
5,16618,1,8914173
4,62033,2,2165409
5,34881,1,5710770
4,64642,3,4485690
4,38210,1,6256074
2,29806,4,4169929
4,52878,2,1883500
1,72716,5,1035541
3,15369,1,3277754
3,42751,4,4758847
2,53797,1,1382645
4,39631,4,6180978
1,68009,2,1509856
2,24495,4,5926286
4,99936,1,7542994
2,74000,5,4187311
5,69664,2,8128554
3,38645,3,2680425
2,21754,3,6186923
2,32875,1,4312657
5,24930,1,1797632
4,12719,5,4354430
5,93920,4,2870103
4,11245,1,7179169
2,85638,4,7306805
4,52072,5,7107288
4,76684,5,1702117
1,22216,1,3773833
2,98746,1,4715273
4,37851,5,2497811
2,15776,1,4761009
3,13555,3,6235653
1,70899,2,6525102
2,61734,3,8153387
5,39134,1,9504911
4,43493,1,1197459
5,55201,1,1479268
2,18449,2,8455465
4,26022,5,6322802
2,12022,1,6552942
2,95437,2,3370864
4,71258,3,3009124
4,58447,4,4298961
4,84927,2,9459081
1,94416,4,5153393
5,27859,1,4512173
4,25791,3,2372263
1,36748,5,9143402
3,26009,4,1821501
2,27848,3,6464512
2,50679,1,7418003
2,18630,1,5453621
2,19879,4,5367344
2,18925,4,3651550
1,76317,5,8717601
1,56258,5,4460763
4,95364,2,3847538
1,55050,2,9605054
5,72923,5,3906708
4,36395,3,4348154
4,82868,4,9427878
4,62975,1,8811312
2,34482,3,8201209
3,41576,4,4320470
2,27652,5,7701508
2,23540,3,6228734
3,10243,5,7413569
2,81672,1,5176062
2,95067,1,5868384
5,22123,5,5286781
1,50392,5,9587920
3,67033,1,8191950
3,66547,4,1430747
4,24534,3,6275628
4,34197,4,2905303
2,79722,3,8194583
4,18192,1,3910605
4,49164,4,4809073
3,27645,2,3369848
1,19608,3,5667998
1,18422,3,5306522
3,49081,2,8714487
2,28553,1,1599297
4,23025,4,1991328
4,51940,3,8813981
2,83760,5,8666027
1,11497,1,5918070
4,35258,4,3934876
5,55673,2,6575677
2,74236,4,8309182
3,39158,1,6894381
5,10959,2,6391295
5,48250,4,3050852
4,47906,3,9570311
2,53200,1,7224726
2,39165,1,3227338
1,58059,3,7144808
1,67881,1,3134089
1,63983,2,7534362
5,79135,5,4269308
1,65399,3,4530505
2,12913,3,3857914
5,62873,4,2745486
5,58760,5,4359109
3,55833,2,4851475
2,23568,1,2374534
5,50792,2,6766169
1,22369,2,9693864
4,80912,5,6690712
5,18290,1,4755316
3,26298,5,6751426
5,28047,5,2631030
2,70649,4,1772707
3,93232,1,3025842
3,37511,3,4682098
4,36430,4,6345767
2,17543,5,8074117
3,89736,2,3847605
1,98356,1,3660930
2,11603,4,6705098
3,32729,4,5953299
4,51128,4,4858782
1,26441,2,4012203
2,67193,1,6305150
2,76975,3,6860113
2,57352,3,4952868
1,93211,4,3695599
1,14237,5,5878796
3,44220,2,4981964
4,90181,3,4541182
4,41033,4,9989671
3,84345,5,5553792
4,72341,4,5482208
1,68048,5,9437193
3,38197,5,6391445
2,11803,1,3120848
1,43672,3,4234633
1,69184,3,8157668
1,94997,2,4243170
2,26699,4,3327259
4,67047,3,3274781
2,46016,4,4892255
5,10024,5,7687828
4,37727,1,8353819
4,80322,5,5372751
1,57700,3,4963329
4,61235,4,4615401
5,46051,2,9912603
2,84493,1,5110738
4,85410,5,3681234
4,60533,5,2023585
4,12091,1,8121202
1,38196,5,5051457
5,44521,2,8020929
4,25044,3,7601616
2,94885,1,1515840
5,19250,3,3040235
3,57327,2,3224295
4,37173,2,5886121
4,12798,2,4684748
4,10650,3,9249764
1,69443,2,1995938
1,87434,4,3470356
4,74654,5,6721106
2,95067,5,6417093
4,80409,2,7708543
4,19185,2,6875447
4,92267,2,9202924
5,87380,1,4654697
2,80212,2,2473951
2,86480,4,2127451
1,54441,4,4833271
2,13058,1,3854327
1,36296,5,5926496
3,63512,5,2829669
1,96283,3,3606459
4,27517,4,5900992
1,23752,4,9972252
4,60208,4,8924613
3,79950,3,2462361
4,12184,1,4490402
4,56586,5,6342526
4,91659,1,5749091
2,16584,4,8443682
3,81696,1,6871537
5,73862,4,7177302
4,95437,5,3067666
4,25794,3,9745127
5,62583,4,8734140
5,88430,4,4445086
5,38643,5,9064330
3,33065,4,7978773
5,32618,5,5408128
4,98147,1,8359438
4,41383,3,9243765
4,21467,2,5493307
4,11657,4,7932163
1,19143,4,5760955
5,70902,3,2244312
5,29746,5,2584793
3,15306,2,9994985
4,55643,5,5698847
4,55576,3,3352801
2,78614,3,1995299
1,34352,2,9860742
4,50874,5,2438929
5,50946,5,6275116
2,93256,3,1946284
1,33662,3,7731730
2,18887,1,4456892
1,41434,2,7492926
2,30322,5,2322192
1,25134,4,5941586
4,23405,2,4909923
1,27397,3,8565618
3,33046,4,3149117
2,10546,5,2589091
4,85839,1,4142356
2,20077,4,8953247
4,46649,1,7781566
4,60209,2,4502695
2,75354,1,2784970
5,51062,4,1296691
5,88612,5,8988694
4,87918,5,8307337
1,73225,4,6287437
4,23434,2,7248712
4,27146,1,4133712
2,18961,3,5926286
3,97337,3,1034610
5,26587,2,3866027
3,33099,5,6074724
5,92693,5,3044535
5,79714,1,8262030
1,46035,4,1711442
2,94267,5,7139153
4,13712,3,9945230
1,74160,3,8974378
4,58812,4,7373004
2,79881,2,2235174
4,11663,4,2508562
1,79853,3,3282912
3,81343,4,9441402
2,57437,2,1889297
5,98376,1,4364805
4,45098,1,2173325
4,60363,5,4451231
2,93907,4,9261441
3,82261,2,1369689
1,85088,3,5479845
2,74939,4,5723652
4,61066,1,6717207
4,78235,3,7280984
5,58052,2,9886934
2,70375,4,7744991
5,61267,4,2771393
2,75145,5,6398810
5,27856,5,6039495
2,32161,1,1596610
1,84393,4,5306937
1,39030,1,3940713
4,80399,1,2713572
2,48800,5,8253724
2,42335,2,1961567
2,49979,4,9064330
5,70601,2,3192134
4,76899,3,8997876
1,50054,2,3705136
5,22264,3,7245210
1,23392,5,1256024
5,61076,1,9873494
1,67977,4,6627724
5,70914,2,5069942
5,58123,3,2803369
3,64105,3,3783123
1,18781,4,5447990
4,42185,4,3159360
2,77121,1,7011970
3,58169,5,8534706
4,52521,4,6134570
5,88618,2,5646316
4,27513,2,3661952
4,10780,2,7371081
5,14302,4,5147202
1,17113,5,3036713
4,68641,5,2591840
2,84439,4,8748994
4,83260,4,6716437
1,94245,4,1537223
5,29450,4,3136332
4,39646,2,7315832
4,17613,3,1389622
4,56374,4,3357866
1,40439,1,6491774
1,84111,1,3512156
4,88273,2,9188802
1,32823,1,4627957
5,73165,1,7235411
3,48389,5,9206895
4,65466,2,5008319
4,29461,3,8540398
2,36338,4,2407612
1,18125,4,5304662
4,86297,2,6977060
1,20568,3,7811271
5,21827,5,8061207
4,55439,5,6849231
4,35561,2,1082377
3,95659,4,1230609
4,56523,2,3715128
1,76174,1,1120686
4,39280,3,5438991
1,33386,5,9400943
1,62767,2,1577005
2,84374,3,9777600
1,37300,1,1597241
5,73575,3,1632150
1,25390,3,7651219
2,33932,5,3641602
2,31231,4,9757141
4,49021,3,5990317
2,29742,5,2732952
4,51165,2,4161036
4,26598,4,6693340
5,25278,4,6730460
1,62395,2,3790098
3,18272,5,1776194
3,43832,3,3357866
4,89432,3,5093283
2,70537,1,7927130
1,90530,2,2268283
5,20312,2,2067725
5,37361,4,6481433
2,41010,1,9932820
2,35964,1,4911974
3,84195,1,5488365
1,35686,1,9870920
2,86462,2,7713571
4,87799,4,3531244
4,75582,4,7689777
2,24708,2,5763735
1,79591,3,3018168
1,82417,4,1512070
4,65981,2,7374408
1,62115,5,8044672
2,30973,3,5638873
1,58372,1,6985404
1,63573,3,5923687
4,15161,3,7247087
5,56820,4,3313377
1,92304,1,1285090
3,67621,5,8979915
5,44245,1,6663284
1,66779,2,5068096
1,98653,2,8141954
2,25004,3,4213948
1,34785,3,6077847
1,69531,4,6666913
4,21111,5,6269647
2,97046,5,5962769
4,60748,1,9915640
3,77716,4,9623944
1,32057,1,1667987
2,79058,2,4691354
3,38773,3,5517327
4,54162,1,8829306
3,80566,5,4451886
4,16549,1,6470729
5,50088,4,2398234
5,63013,2,9249818
4,57320,1,2611355
2,65922,5,6332664
3,79779,2,8894467
2,76119,1,7809582
4,39933,3,8472942
3,18674,1,9139822
4,80779,2,6328936
4,90118,1,1498605
2,54026,2,1260460
4,97597,5,7769088
1,93733,5,7003997
5,90388,1,7439364
2,21209,5,9550122
5,12133,3,2329346
2,62463,3,8195011
4,58793,1,2161948
5,96713,4,3338713
4,98599,4,9380269
4,32228,4,3869460
2,54883,5,8859325
3,80917,3,3120848
5,68818,1,5629624
3,77309,1,4448402
2,14718,5,8839299
4,99687,2,6282087
4,50226,3,5325882
3,85267,1,3606459
2,28802,2,8260639
4,82666,2,6063363
3,85448,4,3357316
2,52738,1,4111762
4,30897,3,6356623
5,49977,4,2096323
4,12025,5,4440651
1,93787,3,3885353
5,21077,2,9360721
3,25788,3,1929434
5,32160,1,9173536
4,39696,5,5167872
1,29048,4,2294289
1,25883,2,4735666
4,87461,4,9887565
5,16333,5,9161348
4,34059,4,2393426
4,56581,1,9827617
4,10877,2,6260447
5,83913,4,9842860
3,62162,5,2989008
4,76551,4,3520493
3,38004,2,3751085
3,49838,5,3163084
4,39839,4,6440822
4,77672,5,7596146
4,16119,2,2816968
4,95322,1,1383729
4,50675,5,1721125
4,76181,2,7667680
5,67622,3,4529733
4,58407,1,9029992
2,79974,4,7153271
3,92103,2,6859884
2,56355,1,1221762
4,74318,3,6988961
1,34708,3,5196681
4,97882,2,2027455
1,80303,1,1917878
2,88516,4,4406580
4,54366,5,9823979
5,41266,3,8990631
3,36276,1,8080235
2,73916,4,7401890
2,53674,1,9102195
1,27332,5,3755605
4,79930,5,5656923
4,52780,4,5280752
5,33637,2,8218890
3,86503,2,6890347
1,35699,1,1835512
1,35622,2,4719696
1,65506,2,3807137
5,89641,1,7405398
4,22695,5,6555132
2,82110,5,3256151
1,97339,2,3725407
4,51421,2,3420586
2,25839,1,7326848
5,96799,4,4416389
4,92899,4,7564773
1,39111,4,2440766
5,49853,3,6891670
4,93136,3,4817375
3,24797,4,5912511
5,25217,4,2270910
4,43988,2,8746975
2,49971,3,1896819
5,57754,2,1839950
4,72430,4,8980355
4,58693,4,6673153
4,42635,5,6768801
1,43084,3,6713883
5,24965,3,7716472
1,53515,5,4489454
2,43456,5,7123473
3,92002,5,4551430
4,75740,5,5350785
4,79042,4,6167370
1,18682,5,8471380
2,71026,3,1836319
3,44011,4,9997563
1,82946,3,8930046
4,83752,4,4224978
5,38090,3,4238356
4,79981,5,6092227
4,98784,1,5629242
1,18198,3,4046727
4,55576,1,5929566
1,67813,5,5968490
3,33892,3,8168802
4,17556,2,9419534
5,89454,2,9850932
4,10959,1,4999476
1,13532,1,7315898
3,86499,1,7798338
1,42838,2,9130114
1,17362,2,4503665
3,79024,4,7746368
4,93431,4,2190546
3,54213,4,8875956
5,21532,2,5794113
4,14893,1,5028769
4,65524,2,4343332
1,99649,4,9103484
3,19571,2,7860818
4,86625,3,1169800
1,60574,1,8877480
4,47849,3,1247976
2,74020,2,3671048
4,19997,3,4241861
4,56246,2,7998281
3,15308,3,4903840
1,62467,3,5412529
3,32449,4,7784968
5,41916,1,8178944
2,48338,5,4825667
2,83471,5,5996894
4,66640,3,9056443
5,77398,1,9880300
1,97820,4,8716131
1,84734,2,7023192
2,62163,5,2967923
2,34830,3,2920406
1,96884,1,6183052
4,31287,4,1765185
4,70640,4,8161790
4,55356,4,8671333
5,29865,3,4987000
4,49542,3,8929919
1,12155,2,1318202
1,82286,2,6417093
4,89548,2,2108097
4,70918,3,2691554
4,34255,5,2852638
5,83531,2,3069261
1,30762,1,8052446
4,62710,5,6143467
4,20728,3,2161948
1,74378,1,3985334
4,87347,5,9131973
1,31151,2,7636149
5,19505,1,9981368
3,30195,5,6182118
4,35441,5,2042652
3,79213,5,2685152
1,87106,2,3318079
4,80947,3,3066943
4,29109,3,5279796
4,94319,2,4643148
4,87745,3,4779226
4,27456,4,2637693
4,88043,1,7657526
5,49802,3,9076835
5,67967,4,5479674
2,98603,3,6322802
2,42470,2,3401524
2,96047,2,2908638
3,99456,4,3494312
4,10703,1,7628498
5,28595,2,8818404
4,59428,4,3342863
5,90927,3,6871849
4,30345,3,7268618
2,35753,5,5536146
4,40322,4,2987417
5,24692,3,3421744
1,52211,4,7356061
3,27391,5,4080917
3,85998,1,1850946
1,96797,1,9401525
2,66222,2,6305937
1,33415,4,4246254
4,40681,1,9751223
4,17816,2,7975086
4,24785,5,6090372
2,17358,3,1005613
4,73604,2,7622279
5,35479,3,2223984
2,57642,1,3783417
4,21519,2,8709062
4,81715,1,5653885
5,56671,2,1728294
5,25221,3,1255376
4,33774,3,6514463
4,89243,1,6673256
4,68854,5,1126590
3,79237,3,3573504
4,79922,4,5111676
2,45888,2,2664542
2,74164,4,1963958
4,94636,4,4419877
5,48520,5,7963960
3,91610,2,8714609
4,11063,3,1892304
2,88020,5,9066871
5,55621,5,6896971
1,92150,2,3222265
2,45597,3,1140729
5,16774,3,7270379
5,69031,4,2278655
2,18027,3,5010478
5,98328,5,2852795
5,18337,3,7431193
4,23021,2,3315453
3,37758,2,6943182
1,15007,4,5891725
1,39217,4,9490551
3,70206,1,3231359
3,59228,1,5231563
4,49700,3,2801304
4,70050,5,3894199
4,84083,5,5455929
3,34149,4,7612590
1,56511,3,7673673
1,69413,5,7175178
5,95813,1,3996671
5,37503,4,7615060
3,49834,1,1671160
4,24396,5,8030558
4,12915,3,1270091
3,63465,3,5499933
2,85726,1,8778433
1,10804,4,8247597
3,94625,4,4226707
2,11717,4,2781909
4,58457,3,8197784
3,61838,1,4546249
1,64260,2,2190932
2,24730,2,7979747
2,70644,2,9449790
5,86726,3,8465540
1,39506,2,2656768
2,69788,3,2021937
4,70731,4,8676325
1,82657,2,7816103
3,95056,3,6533655
4,14599,1,1537223
1,84721,1,6348107
1,22353,1,1410684
5,52968,1,4271641
2,45924,1,3773833
3,88177,3,6496330
4,95077,3,9373221
2,17643,3,4117907
4,59922,4,4233138
1,13378,3,5458813
5,66832,5,6205033
2,39065,5,4999476
4,12433,3,2440022
4,82474,3,1372138
5,14272,4,3856876
2,90199,3,7132489
3,87003,4,8385540
1,42635,3,3755659
4,74649,5,1105248
2,13493,5,1138605
4,53321,3,5158938
4,89119,1,3123499
2,56583,5,2077295
5,55088,3,4044139
4,91076,5,1984992
4,98558,2,1697970
4,86114,5,7378079
4,49024,2,9483140
4,54334,5,5896679
1,12014,5,6791039
5,64209,3,8841465
4,13317,1,7461770
3,14136,2,6109848
5,69138,5,4660195
5,43851,1,3474864
1,15863,2,6092227
4,75261,4,6516726
5,10133,4,4851820
4,59127,5,4954235
4,28144,2,5998894
4,95268,5,8187338
4,38426,3,9774626
4,10934,2,9169703
4,25200,3,4862269
1,32686,2,7878754
1,21502,4,6538216
1,46016,5,5875073
1,67235,2,8911784
4,59275,4,4753591
4,17105,2,3918642
5,99492,1,8406105
3,23290,2,7333985
4,32266,4,5938051
2,66073,5,9784797
5,56357,4,5843203
4,14864,1,5728554
3,29133,3,4832113
3,38365,5,3728357
5,17456,4,7508379
4,44448,3,3118314
3,20775,4,2949549
1,45654,3,9583810
5,36715,5,7121427
5,96246,2,4753047
2,84282,3,5987330
5,13940,5,3460086
4,27080,3,9330937
3,48314,4,2065623
1,76911,5,7637153
3,95696,2,6907877
2,76240,3,8220194
5,50227,1,2786979
1,42725,3,3939561
4,19224,2,6950842
4,33929,3,9635824
5,57553,1,4220858
4,67581,2,3361753
3,52706,2,5135036
5,93753,1,5388058
2,37593,3,7930247
4,21264,5,9364532
4,34519,1,9594918
4,66936,4,2919718
5,46685,5,5875073
4,96571,1,2497802
4,81411,2,9183167
4,58688,3,4727307
1,77246,5,3771457
4,11343,3,7544161
3,63606,3,8402038
1,99141,5,9854294
1,78760,3,8636688
4,96588,4,2122295
4,41165,2,2025481
5,11729,5,3466655
4,79213,4,5639446
5,93069,5,3250482
4,57107,4,5014800
2,55674,3,8278075
2,16722,5,2163926
1,53685,2,7197824
2,64117,1,1339087
1,63462,4,5298746
2,69021,2,1459450
2,15164,3,7139342
1,70796,5,2190860
2,79350,5,2163821
1,81237,3,4502695
4,36899,2,1863340
3,50967,1,7716331
5,86885,5,1220919
2,48103,4,4870923
1,87537,1,1185934
4,62084,1,6464166
4,30419,3,3170897
1,92764,1,1711442
2,23227,4,5432109
4,27375,1,1230988
5,30822,5,6054657
4,37215,5,4205248
3,43288,2,7602330
4,20730,2,3287868
1,70841,1,7280032
5,66986,2,9713010
5,79573,5,7243916
2,10301,2,3710174
4,60808,4,9731453
2,23863,5,2756770
1,94593,4,9411844
3,72624,3,6814818
5,82548,3,8839542
5,93194,4,3417234
1,40033,1,6090372
2,76735,2,9710149
3,42263,1,6909785
4,78341,5,1953758
1,37417,5,8328749
4,77781,5,7878147
1,63127,2,1745700
2,22872,5,7374408
5,94900,4,7663820
1,85913,3,6199048
4,10134,3,9980139
4,54225,1,5981469
5,57610,3,5373101
4,10147,1,8947746
5,31458,2,9328094
4,59302,4,9847854
2,49753,4,3767156
4,77184,4,6184250
3,88029,1,3808605
4,56963,2,1797160
1,26627,5,3528047
5,90646,3,3645172
4,41575,2,1705555
4,20076,1,7356061
4,35288,4,8863632
4,85610,5,4573044
4,58594,1,8409045
5,59348,4,5228924
4,29710,2,4555968
3,45527,1,2718376
2,66355,2,6952104
5,91588,5,4964551
5,93557,5,2163381
5,34516,3,9868869
2,13455,2,3424704
1,23197,4,7182940
3,62694,1,6951262
2,73306,1,9400029
5,28102,5,1017562
5,43496,2,5945954
5,19426,2,2198278
3,48692,3,9225223
5,42576,1,2380497
4,10954,1,6058532
1,65833,5,4920138
4,52190,5,8897126
5,28145,3,1858891
5,72172,4,3922054
1,81291,1,6521620
1,45224,5,7957718
5,94997,1,7945794
1,39204,5,5683953
4,53568,5,8821956
3,31576,5,5991518
3,18724,1,7791649
2,26190,1,2147741
4,45406,4,7694089
4,66840,3,2262611
1,85086,1,4662640
4,27445,5,1557221
2,40705,4,4184460
2,44761,2,9205446
4,93172,2,9387902
4,51338,5,6802171
3,65943,3,4197801
4,71453,1,4129874
5,60092,5,1602194
3,47113,5,4935357
3,61156,5,6721893
2,95388,1,6952202
4,81083,4,1096617
2,44615,5,6183052
4,92684,4,1966282
3,33158,3,7210988
3,97595,1,6563411
3,54253,4,7972098
5,31189,4,3195611
3,85350,4,9563878
2,49511,5,8231008
2,50372,5,7890785
2,38023,1,7651004
4,76502,5,8062168
5,81964,4,5985727
4,20580,2,9844774
2,94826,3,8054549
2,61195,3,6400833
5,83236,3,4039087
3,45267,1,1327129
3,24690,4,5771880
4,28901,2,7320054
